audio_path,sentence
c:\Users\joaqu\Escritorio\Joaquim_Juha\Universidad y Estudios\Proyectos\Cosas_Variadas\datos_finales\train_wav\audio_59_clean.wav,é-tsëxë
c:\Users\joaqu\Escritorio\Joaquim_Juha\Universidad y Estudios\Proyectos\Cosas_Variadas\datos_finales\train_wav\audio_59_aug_0.wav,é-tsëxë
c:\Users\joaqu\Escritorio\Joaquim_Juha\Universidad y Estudios\Proyectos\Cosas_Variadas\datos_finales\train_wav\audio_59_aug_1.wav,é-tsëxë
c:\Users\joaqu\Escritorio\Joaquim_Juha\Universidad y Estudios\Proyectos\Cosas_Variadas\datos_finales\train_wav\audio_44_clean.wav,p-áxa
c:\Users\joaqu\Escritorio\Joaquim_Juha\Universidad y Estudios\Proyectos\Cosas_Variadas\datos_finales\train_wav\audio_44_aug_0.wav,p-áxa
c:\Users\joaqu\Escritorio\Joaquim_Juha\Universidad y Estudios\Proyectos\Cosas_Variadas\datos_finales\train_wav\audio_44_aug_1.wav,p-áxa
c:\Users\joaqu\Escritorio\Joaquim_Juha\Universidad y Estudios\Proyectos\Cosas_Variadas\datos_finales\train_wav\audio_32_clean.wav,pe-sí-to
c:\Users\joaqu\Escritorio\Joaquim_Juha\Universidad y Estudios\Proyectos\Cosas_Variadas\datos_finales\train_wav\audio_32_aug_0.wav,pe-sí-to
c:\Users\joaqu\Escritorio\Joaquim_Juha\Universidad y Estudios\Proyectos\Cosas_Variadas\datos_finales\train_wav\audio_32_aug_1.wav,pe-sí-to
c:\Users\joaqu\Escritorio\Joaquim_Juha\Universidad y Estudios\Proyectos\Cosas_Variadas\datos_finales\train_wav\audio_226_clean.wav,pe-nio-ponáe-hava
c:\Users\joaqu\Escritorio\Joaquim_Juha\Universidad y Estudios\Proyectos\Cosas_Variadas\datos_finales\train_wav\audio_226_aug_0.wav,pe-nio-ponáe-hava
c:\Users\joaqu\Escritorio\Joaquim_Juha\Universidad y Estudios\Proyectos\Cosas_Variadas\datos_finales\train_wav\audio_226_aug_1.wav,pe-nio-ponáe-hava
c:\Users\joaqu\Escritorio\Joaquim_Juha\Universidad y Estudios\Proyectos\Cosas_Variadas\datos_finales\train_wav\audio_335_clean.wav,ita-fáka
c:\Users\joaqu\Escritorio\Joaquim_Juha\Universidad y Estudios\Proyectos\Cosas_Variadas\datos_finales\train_wav\audio_335_aug_0.wav,ita-fáka
c:\Users\joaqu\Escritorio\Joaquim_Juha\Universidad y Estudios\Proyectos\Cosas_Variadas\datos_finales\train_wav\audio_335_aug_1.wav,ita-fáka
c:\Users\joaqu\Escritorio\Joaquim_Juha\Universidad y Estudios\Proyectos\Cosas_Variadas\datos_finales\train_wav\audio_124_clean.wav,yaa-sí-to
c:\Users\joaqu\Escritorio\Joaquim_Juha\Universidad y Estudios\Proyectos\Cosas_Variadas\datos_finales\train_wav\audio_124_aug_0.wav,yaa-sí-to
c:\Users\joaqu\Escritorio\Joaquim_Juha\Universidad y Estudios\Proyectos\Cosas_Variadas\datos_finales\train_wav\audio_124_aug_1.wav,yaa-sí-to
c:\Users\joaqu\Escritorio\Joaquim_Juha\Universidad y Estudios\Proyectos\Cosas_Variadas\datos_finales\train_wav\audio_90_clean.wav,héra
c:\Users\joaqu\Escritorio\Joaquim_Juha\Universidad y Estudios\Proyectos\Cosas_Variadas\datos_finales\train_wav\audio_90_aug_0.wav,héra
c:\Users\joaqu\Escritorio\Joaquim_Juha\Universidad y Estudios\Proyectos\Cosas_Variadas\datos_finales\train_wav\audio_90_aug_1.wav,héra
c:\Users\joaqu\Escritorio\Joaquim_Juha\Universidad y Estudios\Proyectos\Cosas_Variadas\datos_finales\train_wav\audio_363_clean.wav,yakába
c:\Users\joaqu\Escritorio\Joaquim_Juha\Universidad y Estudios\Proyectos\Cosas_Variadas\datos_finales\train_wav\audio_363_aug_0.wav,yakába
c:\Users\joaqu\Escritorio\Joaquim_Juha\Universidad y Estudios\Proyectos\Cosas_Variadas\datos_finales\train_wav\audio_363_aug_1.wav,yakába
c:\Users\joaqu\Escritorio\Joaquim_Juha\Universidad y Estudios\Proyectos\Cosas_Variadas\datos_finales\train_wav\audio_6_clean.wav,p-ita-xú-to
c:\Users\joaqu\Escritorio\Joaquim_Juha\Universidad y Estudios\Proyectos\Cosas_Variadas\datos_finales\train_wav\audio_6_aug_0.wav,p-ita-xú-to
c:\Users\joaqu\Escritorio\Joaquim_Juha\Universidad y Estudios\Proyectos\Cosas_Variadas\datos_finales\train_wav\audio_6_aug_1.wav,p-ita-xú-to
c:\Users\joaqu\Escritorio\Joaquim_Juha\Universidad y Estudios\Proyectos\Cosas_Variadas\datos_finales\train_wav\audio_269_clean.wav,pe-mata-é-to
c:\Users\joaqu\Escritorio\Joaquim_Juha\Universidad y Estudios\Proyectos\Cosas_Variadas\datos_finales\train_wav\audio_269_aug_0.wav,pe-mata-é-to
c:\Users\joaqu\Escritorio\Joaquim_Juha\Universidad y Estudios\Proyectos\Cosas_Variadas\datos_finales\train_wav\audio_269_aug_1.wav,pe-mata-é-to
c:\Users\joaqu\Escritorio\Joaquim_Juha\Universidad y Estudios\Proyectos\Cosas_Variadas\datos_finales\train_wav\audio_163_clean.wav,báva
c:\Users\joaqu\Escritorio\Joaquim_Juha\Universidad y Estudios\Proyectos\Cosas_Variadas\datos_finales\train_wav\audio_163_aug_0.wav,báva
c:\Users\joaqu\Escritorio\Joaquim_Juha\Universidad y Estudios\Proyectos\Cosas_Variadas\datos_finales\train_wav\audio_163_aug_1.wav,báva
c:\Users\joaqu\Escritorio\Joaquim_Juha\Universidad y Estudios\Proyectos\Cosas_Variadas\datos_finales\train_wav\audio_61_clean.wav,itá-boxo
c:\Users\joaqu\Escritorio\Joaquim_Juha\Universidad y Estudios\Proyectos\Cosas_Variadas\datos_finales\train_wav\audio_61_aug_0.wav,itá-boxo
c:\Users\joaqu\Escritorio\Joaquim_Juha\Universidad y Estudios\Proyectos\Cosas_Variadas\datos_finales\train_wav\audio_61_aug_1.wav,itá-boxo
c:\Users\joaqu\Escritorio\Joaquim_Juha\Universidad y Estudios\Proyectos\Cosas_Variadas\datos_finales\train_wav\audio_309_clean.wav,nohó-bo
c:\Users\joaqu\Escritorio\Joaquim_Juha\Universidad y Estudios\Proyectos\Cosas_Variadas\datos_finales\train_wav\audio_309_aug_0.wav,nohó-bo
c:\Users\joaqu\Escritorio\Joaquim_Juha\Universidad y Estudios\Proyectos\Cosas_Variadas\datos_finales\train_wav\audio_309_aug_1.wav,nohó-bo
c:\Users\joaqu\Escritorio\Joaquim_Juha\Universidad y Estudios\Proyectos\Cosas_Variadas\datos_finales\train_wav\audio_78_clean.wav,tápi
c:\Users\joaqu\Escritorio\Joaquim_Juha\Universidad y Estudios\Proyectos\Cosas_Variadas\datos_finales\train_wav\audio_78_aug_0.wav,tápi
c:\Users\joaqu\Escritorio\Joaquim_Juha\Universidad y Estudios\Proyectos\Cosas_Variadas\datos_finales\train_wav\audio_78_aug_1.wav,tápi
c:\Users\joaqu\Escritorio\Joaquim_Juha\Universidad y Estudios\Proyectos\Cosas_Variadas\datos_finales\train_wav\audio_349_clean.wav,robóta
c:\Users\joaqu\Escritorio\Joaquim_Juha\Universidad y Estudios\Proyectos\Cosas_Variadas\datos_finales\train_wav\audio_349_aug_0.wav,robóta
c:\Users\joaqu\Escritorio\Joaquim_Juha\Universidad y Estudios\Proyectos\Cosas_Variadas\datos_finales\train_wav\audio_349_aug_1.wav,robóta
c:\Users\joaqu\Escritorio\Joaquim_Juha\Universidad y Estudios\Proyectos\Cosas_Variadas\datos_finales\train_wav\audio_364_clean.wav,tsu-tsú-ne
c:\Users\joaqu\Escritorio\Joaquim_Juha\Universidad y Estudios\Proyectos\Cosas_Variadas\datos_finales\train_wav\audio_364_aug_0.wav,tsu-tsú-ne
c:\Users\joaqu\Escritorio\Joaquim_Juha\Universidad y Estudios\Proyectos\Cosas_Variadas\datos_finales\train_wav\audio_364_aug_1.wav,tsu-tsú-ne
c:\Users\joaqu\Escritorio\Joaquim_Juha\Universidad y Estudios\Proyectos\Cosas_Variadas\datos_finales\train_wav\audio_4_clean.wav,pe-vóno-to
c:\Users\joaqu\Escritorio\Joaquim_Juha\Universidad y Estudios\Proyectos\Cosas_Variadas\datos_finales\train_wav\audio_4_aug_0.wav,pe-vóno-to
c:\Users\joaqu\Escritorio\Joaquim_Juha\Universidad y Estudios\Proyectos\Cosas_Variadas\datos_finales\train_wav\audio_4_aug_1.wav,pe-vóno-to
c:\Users\joaqu\Escritorio\Joaquim_Juha\Universidad y Estudios\Proyectos\Cosas_Variadas\datos_finales\train_wav\audio_119_clean.wav,mítsi
c:\Users\joaqu\Escritorio\Joaquim_Juha\Universidad y Estudios\Proyectos\Cosas_Variadas\datos_finales\train_wav\audio_119_aug_0.wav,mítsi
c:\Users\joaqu\Escritorio\Joaquim_Juha\Universidad y Estudios\Proyectos\Cosas_Variadas\datos_finales\train_wav\audio_119_aug_1.wav,mítsi
c:\Users\joaqu\Escritorio\Joaquim_Juha\Universidad y Estudios\Proyectos\Cosas_Variadas\datos_finales\train_wav\audio_120_clean.wav,íri
c:\Users\joaqu\Escritorio\Joaquim_Juha\Universidad y Estudios\Proyectos\Cosas_Variadas\datos_finales\train_wav\audio_120_aug_0.wav,íri
c:\Users\joaqu\Escritorio\Joaquim_Juha\Universidad y Estudios\Proyectos\Cosas_Variadas\datos_finales\train_wav\audio_120_aug_1.wav,íri
c:\Users\joaqu\Escritorio\Joaquim_Juha\Universidad y Estudios\Proyectos\Cosas_Variadas\datos_finales\train_wav\audio_259_clean.wav,détsa xuá
c:\Users\joaqu\Escritorio\Joaquim_Juha\Universidad y Estudios\Proyectos\Cosas_Variadas\datos_finales\train_wav\audio_259_aug_0.wav,détsa xuá
c:\Users\joaqu\Escritorio\Joaquim_Juha\Universidad y Estudios\Proyectos\Cosas_Variadas\datos_finales\train_wav\audio_259_aug_1.wav,détsa xuá
c:\Users\joaqu\Escritorio\Joaquim_Juha\Universidad y Estudios\Proyectos\Cosas_Variadas\datos_finales\train_wav\audio_306_clean.wav,hó-ta-tsia
c:\Users\joaqu\Escritorio\Joaquim_Juha\Universidad y Estudios\Proyectos\Cosas_Variadas\datos_finales\train_wav\audio_306_aug_0.wav,hó-ta-tsia
c:\Users\joaqu\Escritorio\Joaquim_Juha\Universidad y Estudios\Proyectos\Cosas_Variadas\datos_finales\train_wav\audio_306_aug_1.wav,hó-ta-tsia
c:\Users\joaqu\Escritorio\Joaquim_Juha\Universidad y Estudios\Proyectos\Cosas_Variadas\datos_finales\train_wav\audio_48_clean.wav,méra
c:\Users\joaqu\Escritorio\Joaquim_Juha\Universidad y Estudios\Proyectos\Cosas_Variadas\datos_finales\train_wav\audio_48_aug_0.wav,méra
c:\Users\joaqu\Escritorio\Joaquim_Juha\Universidad y Estudios\Proyectos\Cosas_Variadas\datos_finales\train_wav\audio_48_aug_1.wav,méra
c:\Users\joaqu\Escritorio\Joaquim_Juha\Universidad y Estudios\Proyectos\Cosas_Variadas\datos_finales\train_wav\audio_221_clean.wav,tsikíri-yo
c:\Users\joaqu\Escritorio\Joaquim_Juha\Universidad y Estudios\Proyectos\Cosas_Variadas\datos_finales\train_wav\audio_221_aug_0.wav,tsikíri-yo
c:\Users\joaqu\Escritorio\Joaquim_Juha\Universidad y Estudios\Proyectos\Cosas_Variadas\datos_finales\train_wav\audio_221_aug_1.wav,tsikíri-yo
c:\Users\joaqu\Escritorio\Joaquim_Juha\Universidad y Estudios\Proyectos\Cosas_Variadas\datos_finales\train_wav\audio_77_clean.wav,báu-pa
c:\Users\joaqu\Escritorio\Joaquim_Juha\Universidad y Estudios\Proyectos\Cosas_Variadas\datos_finales\train_wav\audio_77_aug_0.wav,báu-pa
c:\Users\joaqu\Escritorio\Joaquim_Juha\Universidad y Estudios\Proyectos\Cosas_Variadas\datos_finales\train_wav\audio_77_aug_1.wav,báu-pa
c:\Users\joaqu\Escritorio\Joaquim_Juha\Universidad y Estudios\Proyectos\Cosas_Variadas\datos_finales\train_wav\audio_125_clean.wav,akávai
c:\Users\joaqu\Escritorio\Joaquim_Juha\Universidad y Estudios\Proyectos\Cosas_Variadas\datos_finales\train_wav\audio_125_aug_0.wav,akávai
c:\Users\joaqu\Escritorio\Joaquim_Juha\Universidad y Estudios\Proyectos\Cosas_Variadas\datos_finales\train_wav\audio_125_aug_1.wav,akávai
c:\Users\joaqu\Escritorio\Joaquim_Juha\Universidad y Estudios\Proyectos\Cosas_Variadas\datos_finales\train_wav\audio_189_clean.wav,tua-tua-kobé-si-tokui jinae-lia
c:\Users\joaqu\Escritorio\Joaquim_Juha\Universidad y Estudios\Proyectos\Cosas_Variadas\datos_finales\train_wav\audio_189_aug_0.wav,tua-tua-kobé-si-tokui jinae-lia
c:\Users\joaqu\Escritorio\Joaquim_Juha\Universidad y Estudios\Proyectos\Cosas_Variadas\datos_finales\train_wav\audio_189_aug_1.wav,tua-tua-kobé-si-tokui jinae-lia
c:\Users\joaqu\Escritorio\Joaquim_Juha\Universidad y Estudios\Proyectos\Cosas_Variadas\datos_finales\train_wav\audio_35_clean.wav,pe-kofofóbi
c:\Users\joaqu\Escritorio\Joaquim_Juha\Universidad y Estudios\Proyectos\Cosas_Variadas\datos_finales\train_wav\audio_35_aug_0.wav,pe-kofofóbi
c:\Users\joaqu\Escritorio\Joaquim_Juha\Universidad y Estudios\Proyectos\Cosas_Variadas\datos_finales\train_wav\audio_35_aug_1.wav,pe-kofofóbi
c:\Users\joaqu\Escritorio\Joaquim_Juha\Universidad y Estudios\Proyectos\Cosas_Variadas\datos_finales\train_wav\audio_67_clean.wav,máta-kabi
c:\Users\joaqu\Escritorio\Joaquim_Juha\Universidad y Estudios\Proyectos\Cosas_Variadas\datos_finales\train_wav\audio_67_aug_0.wav,máta-kabi
c:\Users\joaqu\Escritorio\Joaquim_Juha\Universidad y Estudios\Proyectos\Cosas_Variadas\datos_finales\train_wav\audio_67_aug_1.wav,máta-kabi
c:\Users\joaqu\Escritorio\Joaquim_Juha\Universidad y Estudios\Proyectos\Cosas_Variadas\datos_finales\train_wav\audio_365_clean.wav,uxu-ne
c:\Users\joaqu\Escritorio\Joaquim_Juha\Universidad y Estudios\Proyectos\Cosas_Variadas\datos_finales\train_wav\audio_365_aug_0.wav,uxu-ne
c:\Users\joaqu\Escritorio\Joaquim_Juha\Universidad y Estudios\Proyectos\Cosas_Variadas\datos_finales\train_wav\audio_365_aug_1.wav,uxu-ne
c:\Users\joaqu\Escritorio\Joaquim_Juha\Universidad y Estudios\Proyectos\Cosas_Variadas\datos_finales\train_wav\audio_82_clean.wav,váxi
c:\Users\joaqu\Escritorio\Joaquim_Juha\Universidad y Estudios\Proyectos\Cosas_Variadas\datos_finales\train_wav\audio_82_aug_0.wav,váxi
c:\Users\joaqu\Escritorio\Joaquim_Juha\Universidad y Estudios\Proyectos\Cosas_Variadas\datos_finales\train_wav\audio_82_aug_1.wav,váxi
c:\Users\joaqu\Escritorio\Joaquim_Juha\Universidad y Estudios\Proyectos\Cosas_Variadas\datos_finales\train_wav\audio_102_clean.wav,ovébi
c:\Users\joaqu\Escritorio\Joaquim_Juha\Universidad y Estudios\Proyectos\Cosas_Variadas\datos_finales\train_wav\audio_102_aug_0.wav,ovébi
c:\Users\joaqu\Escritorio\Joaquim_Juha\Universidad y Estudios\Proyectos\Cosas_Variadas\datos_finales\train_wav\audio_102_aug_1.wav,ovébi
c:\Users\joaqu\Escritorio\Joaquim_Juha\Universidad y Estudios\Proyectos\Cosas_Variadas\datos_finales\train_wav\audio_195_clean.wav,náava
c:\Users\joaqu\Escritorio\Joaquim_Juha\Universidad y Estudios\Proyectos\Cosas_Variadas\datos_finales\train_wav\audio_195_aug_0.wav,náava
c:\Users\joaqu\Escritorio\Joaquim_Juha\Universidad y Estudios\Proyectos\Cosas_Variadas\datos_finales\train_wav\audio_195_aug_1.wav,náava
c:\Users\joaqu\Escritorio\Joaquim_Juha\Universidad y Estudios\Proyectos\Cosas_Variadas\datos_finales\train_wav\audio_192_clean.wav,koto-káe-va
c:\Users\joaqu\Escritorio\Joaquim_Juha\Universidad y Estudios\Proyectos\Cosas_Variadas\datos_finales\train_wav\audio_192_aug_0.wav,koto-káe-va
c:\Users\joaqu\Escritorio\Joaquim_Juha\Universidad y Estudios\Proyectos\Cosas_Variadas\datos_finales\train_wav\audio_192_aug_1.wav,koto-káe-va
c:\Users\joaqu\Escritorio\Joaquim_Juha\Universidad y Estudios\Proyectos\Cosas_Variadas\datos_finales\train_wav\audio_217_clean.wav,vaha-bitsábi
c:\Users\joaqu\Escritorio\Joaquim_Juha\Universidad y Estudios\Proyectos\Cosas_Variadas\datos_finales\train_wav\audio_217_aug_0.wav,vaha-bitsábi
c:\Users\joaqu\Escritorio\Joaquim_Juha\Universidad y Estudios\Proyectos\Cosas_Variadas\datos_finales\train_wav\audio_217_aug_1.wav,vaha-bitsábi
c:\Users\joaqu\Escritorio\Joaquim_Juha\Universidad y Estudios\Proyectos\Cosas_Variadas\datos_finales\train_wav\audio_352_clean.wav,kuanita
c:\Users\joaqu\Escritorio\Joaquim_Juha\Universidad y Estudios\Proyectos\Cosas_Variadas\datos_finales\train_wav\audio_352_aug_0.wav,kuanita
c:\Users\joaqu\Escritorio\Joaquim_Juha\Universidad y Estudios\Proyectos\Cosas_Variadas\datos_finales\train_wav\audio_352_aug_1.wav,kuanita
c:\Users\joaqu\Escritorio\Joaquim_Juha\Universidad y Estudios\Proyectos\Cosas_Variadas\datos_finales\train_wav\audio_246_clean.wav,perúhu-va
c:\Users\joaqu\Escritorio\Joaquim_Juha\Universidad y Estudios\Proyectos\Cosas_Variadas\datos_finales\train_wav\audio_246_aug_0.wav,perúhu-va
c:\Users\joaqu\Escritorio\Joaquim_Juha\Universidad y Estudios\Proyectos\Cosas_Variadas\datos_finales\train_wav\audio_246_aug_1.wav,perúhu-va
c:\Users\joaqu\Escritorio\Joaquim_Juha\Universidad y Estudios\Proyectos\Cosas_Variadas\datos_finales\train_wav\audio_84_clean.wav,tómara
c:\Users\joaqu\Escritorio\Joaquim_Juha\Universidad y Estudios\Proyectos\Cosas_Variadas\datos_finales\train_wav\audio_84_aug_0.wav,tómara
c:\Users\joaqu\Escritorio\Joaquim_Juha\Universidad y Estudios\Proyectos\Cosas_Variadas\datos_finales\train_wav\audio_84_aug_1.wav,tómara
c:\Users\joaqu\Escritorio\Joaquim_Juha\Universidad y Estudios\Proyectos\Cosas_Variadas\datos_finales\train_wav\audio_97_clean.wav,métsaha
c:\Users\joaqu\Escritorio\Joaquim_Juha\Universidad y Estudios\Proyectos\Cosas_Variadas\datos_finales\train_wav\audio_97_aug_0.wav,métsaha
c:\Users\joaqu\Escritorio\Joaquim_Juha\Universidad y Estudios\Proyectos\Cosas_Variadas\datos_finales\train_wav\audio_97_aug_1.wav,métsaha
c:\Users\joaqu\Escritorio\Joaquim_Juha\Universidad y Estudios\Proyectos\Cosas_Variadas\datos_finales\train_wav\audio_17_clean.wav,pi-húma
c:\Users\joaqu\Escritorio\Joaquim_Juha\Universidad y Estudios\Proyectos\Cosas_Variadas\datos_finales\train_wav\audio_17_aug_0.wav,pi-húma
c:\Users\joaqu\Escritorio\Joaquim_Juha\Universidad y Estudios\Proyectos\Cosas_Variadas\datos_finales\train_wav\audio_17_aug_1.wav,pi-húma
c:\Users\joaqu\Escritorio\Joaquim_Juha\Universidad y Estudios\Proyectos\Cosas_Variadas\datos_finales\train_wav\audio_70_clean.wav,yá-maxë
c:\Users\joaqu\Escritorio\Joaquim_Juha\Universidad y Estudios\Proyectos\Cosas_Variadas\datos_finales\train_wav\audio_70_aug_0.wav,yá-maxë
c:\Users\joaqu\Escritorio\Joaquim_Juha\Universidad y Estudios\Proyectos\Cosas_Variadas\datos_finales\train_wav\audio_70_aug_1.wav,yá-maxë
c:\Users\joaqu\Escritorio\Joaquim_Juha\Universidad y Estudios\Proyectos\Cosas_Variadas\datos_finales\train_wav\audio_308_clean.wav,tsikiri-háva-yo
c:\Users\joaqu\Escritorio\Joaquim_Juha\Universidad y Estudios\Proyectos\Cosas_Variadas\datos_finales\train_wav\audio_308_aug_0.wav,tsikiri-háva-yo
c:\Users\joaqu\Escritorio\Joaquim_Juha\Universidad y Estudios\Proyectos\Cosas_Variadas\datos_finales\train_wav\audio_308_aug_1.wav,tsikiri-háva-yo
c:\Users\joaqu\Escritorio\Joaquim_Juha\Universidad y Estudios\Proyectos\Cosas_Variadas\datos_finales\train_wav\audio_8_clean.wav,pe-mata-boko-to
c:\Users\joaqu\Escritorio\Joaquim_Juha\Universidad y Estudios\Proyectos\Cosas_Variadas\datos_finales\train_wav\audio_8_aug_0.wav,pe-mata-boko-to
c:\Users\joaqu\Escritorio\Joaquim_Juha\Universidad y Estudios\Proyectos\Cosas_Variadas\datos_finales\train_wav\audio_8_aug_1.wav,pe-mata-boko-to
c:\Users\joaqu\Escritorio\Joaquim_Juha\Universidad y Estudios\Proyectos\Cosas_Variadas\datos_finales\train_wav\audio_121_clean.wav,pe-bosó-to
c:\Users\joaqu\Escritorio\Joaquim_Juha\Universidad y Estudios\Proyectos\Cosas_Variadas\datos_finales\train_wav\audio_121_aug_0.wav,pe-bosó-to
c:\Users\joaqu\Escritorio\Joaquim_Juha\Universidad y Estudios\Proyectos\Cosas_Variadas\datos_finales\train_wav\audio_121_aug_1.wav,pe-bosó-to
c:\Users\joaqu\Escritorio\Joaquim_Juha\Universidad y Estudios\Proyectos\Cosas_Variadas\datos_finales\train_wav\audio_220_clean.wav,ayai-hava
c:\Users\joaqu\Escritorio\Joaquim_Juha\Universidad y Estudios\Proyectos\Cosas_Variadas\datos_finales\train_wav\audio_220_aug_0.wav,ayai-hava
c:\Users\joaqu\Escritorio\Joaquim_Juha\Universidad y Estudios\Proyectos\Cosas_Variadas\datos_finales\train_wav\audio_220_aug_1.wav,ayai-hava
c:\Users\joaqu\Escritorio\Joaquim_Juha\Universidad y Estudios\Proyectos\Cosas_Variadas\datos_finales\train_wav\audio_336_clean.wav,toyáe-ka
c:\Users\joaqu\Escritorio\Joaquim_Juha\Universidad y Estudios\Proyectos\Cosas_Variadas\datos_finales\train_wav\audio_336_aug_0.wav,toyáe-ka
c:\Users\joaqu\Escritorio\Joaquim_Juha\Universidad y Estudios\Proyectos\Cosas_Variadas\datos_finales\train_wav\audio_336_aug_1.wav,toyáe-ka
c:\Users\joaqu\Escritorio\Joaquim_Juha\Universidad y Estudios\Proyectos\Cosas_Variadas\datos_finales\train_wav\audio_338_clean.wav,a-vóno-bi
c:\Users\joaqu\Escritorio\Joaquim_Juha\Universidad y Estudios\Proyectos\Cosas_Variadas\datos_finales\train_wav\audio_338_aug_0.wav,a-vóno-bi
c:\Users\joaqu\Escritorio\Joaquim_Juha\Universidad y Estudios\Proyectos\Cosas_Variadas\datos_finales\train_wav\audio_338_aug_1.wav,a-vóno-bi
c:\Users\joaqu\Escritorio\Joaquim_Juha\Universidad y Estudios\Proyectos\Cosas_Variadas\datos_finales\train_wav\audio_148_clean.wav,amua-to
c:\Users\joaqu\Escritorio\Joaquim_Juha\Universidad y Estudios\Proyectos\Cosas_Variadas\datos_finales\train_wav\audio_148_aug_0.wav,amua-to
c:\Users\joaqu\Escritorio\Joaquim_Juha\Universidad y Estudios\Proyectos\Cosas_Variadas\datos_finales\train_wav\audio_148_aug_1.wav,amua-to
c:\Users\joaqu\Escritorio\Joaquim_Juha\Universidad y Estudios\Proyectos\Cosas_Variadas\datos_finales\train_wav\audio_164_clean.wav,matsúka
c:\Users\joaqu\Escritorio\Joaquim_Juha\Universidad y Estudios\Proyectos\Cosas_Variadas\datos_finales\train_wav\audio_164_aug_0.wav,matsúka
c:\Users\joaqu\Escritorio\Joaquim_Juha\Universidad y Estudios\Proyectos\Cosas_Variadas\datos_finales\train_wav\audio_164_aug_1.wav,matsúka
c:\Users\joaqu\Escritorio\Joaquim_Juha\Universidad y Estudios\Proyectos\Cosas_Variadas\datos_finales\train_wav\audio_111_clean.wav,ma-xë-nehe
c:\Users\joaqu\Escritorio\Joaquim_Juha\Universidad y Estudios\Proyectos\Cosas_Variadas\datos_finales\train_wav\audio_111_aug_0.wav,ma-xë-nehe
c:\Users\joaqu\Escritorio\Joaquim_Juha\Universidad y Estudios\Proyectos\Cosas_Variadas\datos_finales\train_wav\audio_111_aug_1.wav,ma-xë-nehe
c:\Users\joaqu\Escritorio\Joaquim_Juha\Universidad y Estudios\Proyectos\Cosas_Variadas\datos_finales\train_wav\audio_282_clean.wav,beya-xúaba
c:\Users\joaqu\Escritorio\Joaquim_Juha\Universidad y Estudios\Proyectos\Cosas_Variadas\datos_finales\train_wav\audio_282_aug_0.wav,beya-xúaba
c:\Users\joaqu\Escritorio\Joaquim_Juha\Universidad y Estudios\Proyectos\Cosas_Variadas\datos_finales\train_wav\audio_282_aug_1.wav,beya-xúaba
c:\Users\joaqu\Escritorio\Joaquim_Juha\Universidad y Estudios\Proyectos\Cosas_Variadas\datos_finales\train_wav\audio_64_clean.wav,huáme-to
c:\Users\joaqu\Escritorio\Joaquim_Juha\Universidad y Estudios\Proyectos\Cosas_Variadas\datos_finales\train_wav\audio_64_aug_0.wav,huáme-to
c:\Users\joaqu\Escritorio\Joaquim_Juha\Universidad y Estudios\Proyectos\Cosas_Variadas\datos_finales\train_wav\audio_64_aug_1.wav,huáme-to
c:\Users\joaqu\Escritorio\Joaquim_Juha\Universidad y Estudios\Proyectos\Cosas_Variadas\datos_finales\train_wav\audio_372_clean.wav,átsa-tsëxë
c:\Users\joaqu\Escritorio\Joaquim_Juha\Universidad y Estudios\Proyectos\Cosas_Variadas\datos_finales\train_wav\audio_372_aug_0.wav,átsa-tsëxë
c:\Users\joaqu\Escritorio\Joaquim_Juha\Universidad y Estudios\Proyectos\Cosas_Variadas\datos_finales\train_wav\audio_372_aug_1.wav,átsa-tsëxë
c:\Users\joaqu\Escritorio\Joaquim_Juha\Universidad y Estudios\Proyectos\Cosas_Variadas\datos_finales\train_wav\audio_268_clean.wav,pe-tobe-to
c:\Users\joaqu\Escritorio\Joaquim_Juha\Universidad y Estudios\Proyectos\Cosas_Variadas\datos_finales\train_wav\audio_268_aug_0.wav,pe-tobe-to
c:\Users\joaqu\Escritorio\Joaquim_Juha\Universidad y Estudios\Proyectos\Cosas_Variadas\datos_finales\train_wav\audio_268_aug_1.wav,pe-tobe-to
c:\Users\joaqu\Escritorio\Joaquim_Juha\Universidad y Estudios\Proyectos\Cosas_Variadas\datos_finales\train_wav\audio_270_clean.wav,pe-koro-fé-to
c:\Users\joaqu\Escritorio\Joaquim_Juha\Universidad y Estudios\Proyectos\Cosas_Variadas\datos_finales\train_wav\audio_270_aug_0.wav,pe-koro-fé-to
c:\Users\joaqu\Escritorio\Joaquim_Juha\Universidad y Estudios\Proyectos\Cosas_Variadas\datos_finales\train_wav\audio_270_aug_1.wav,pe-koro-fé-to
c:\Users\joaqu\Escritorio\Joaquim_Juha\Universidad y Estudios\Proyectos\Cosas_Variadas\datos_finales\train_wav\audio_228_clean.wav,poná-re
c:\Users\joaqu\Escritorio\Joaquim_Juha\Universidad y Estudios\Proyectos\Cosas_Variadas\datos_finales\train_wav\audio_228_aug_0.wav,poná-re
c:\Users\joaqu\Escritorio\Joaquim_Juha\Universidad y Estudios\Proyectos\Cosas_Variadas\datos_finales\train_wav\audio_228_aug_1.wav,poná-re
c:\Users\joaqu\Escritorio\Joaquim_Juha\Universidad y Estudios\Proyectos\Cosas_Variadas\datos_finales\train_wav\audio_340_clean.wav,a-xuíra
c:\Users\joaqu\Escritorio\Joaquim_Juha\Universidad y Estudios\Proyectos\Cosas_Variadas\datos_finales\train_wav\audio_340_aug_0.wav,a-xuíra
c:\Users\joaqu\Escritorio\Joaquim_Juha\Universidad y Estudios\Proyectos\Cosas_Variadas\datos_finales\train_wav\audio_340_aug_1.wav,a-xuíra
c:\Users\joaqu\Escritorio\Joaquim_Juha\Universidad y Estudios\Proyectos\Cosas_Variadas\datos_finales\train_wav\audio_18_clean.wav,pe-kófia
c:\Users\joaqu\Escritorio\Joaquim_Juha\Universidad y Estudios\Proyectos\Cosas_Variadas\datos_finales\train_wav\audio_18_aug_0.wav,pe-kófia
c:\Users\joaqu\Escritorio\Joaquim_Juha\Universidad y Estudios\Proyectos\Cosas_Variadas\datos_finales\train_wav\audio_18_aug_1.wav,pe-kófia
c:\Users\joaqu\Escritorio\Joaquim_Juha\Universidad y Estudios\Proyectos\Cosas_Variadas\datos_finales\train_wav\audio_151_clean.wav,ibo-tsú-to
c:\Users\joaqu\Escritorio\Joaquim_Juha\Universidad y Estudios\Proyectos\Cosas_Variadas\datos_finales\train_wav\audio_151_aug_0.wav,ibo-tsú-to
c:\Users\joaqu\Escritorio\Joaquim_Juha\Universidad y Estudios\Proyectos\Cosas_Variadas\datos_finales\train_wav\audio_151_aug_1.wav,ibo-tsú-to
c:\Users\joaqu\Escritorio\Joaquim_Juha\Universidad y Estudios\Proyectos\Cosas_Variadas\datos_finales\train_wav\audio_26_clean.wav,pe-topa-tháë-to
c:\Users\joaqu\Escritorio\Joaquim_Juha\Universidad y Estudios\Proyectos\Cosas_Variadas\datos_finales\train_wav\audio_26_aug_0.wav,pe-topa-tháë-to
c:\Users\joaqu\Escritorio\Joaquim_Juha\Universidad y Estudios\Proyectos\Cosas_Variadas\datos_finales\train_wav\audio_26_aug_1.wav,pe-topa-tháë-to
c:\Users\joaqu\Escritorio\Joaquim_Juha\Universidad y Estudios\Proyectos\Cosas_Variadas\datos_finales\train_wav\audio_333_clean.wav,imoxo-yo
c:\Users\joaqu\Escritorio\Joaquim_Juha\Universidad y Estudios\Proyectos\Cosas_Variadas\datos_finales\train_wav\audio_333_aug_0.wav,imoxo-yo
c:\Users\joaqu\Escritorio\Joaquim_Juha\Universidad y Estudios\Proyectos\Cosas_Variadas\datos_finales\train_wav\audio_333_aug_1.wav,imoxo-yo
c:\Users\joaqu\Escritorio\Joaquim_Juha\Universidad y Estudios\Proyectos\Cosas_Variadas\datos_finales\train_wav\audio_357_clean.wav,horóka
c:\Users\joaqu\Escritorio\Joaquim_Juha\Universidad y Estudios\Proyectos\Cosas_Variadas\datos_finales\train_wav\audio_357_aug_0.wav,horóka
c:\Users\joaqu\Escritorio\Joaquim_Juha\Universidad y Estudios\Proyectos\Cosas_Variadas\datos_finales\train_wav\audio_357_aug_1.wav,horóka
c:\Users\joaqu\Escritorio\Joaquim_Juha\Universidad y Estudios\Proyectos\Cosas_Variadas\datos_finales\train_wav\audio_240_clean.wav,pe-maxë-sí-papa
c:\Users\joaqu\Escritorio\Joaquim_Juha\Universidad y Estudios\Proyectos\Cosas_Variadas\datos_finales\train_wav\audio_240_aug_0.wav,pe-maxë-sí-papa
c:\Users\joaqu\Escritorio\Joaquim_Juha\Universidad y Estudios\Proyectos\Cosas_Variadas\datos_finales\train_wav\audio_240_aug_1.wav,pe-maxë-sí-papa
c:\Users\joaqu\Escritorio\Joaquim_Juha\Universidad y Estudios\Proyectos\Cosas_Variadas\datos_finales\train_wav\audio_258_clean.wav,ipatsá
c:\Users\joaqu\Escritorio\Joaquim_Juha\Universidad y Estudios\Proyectos\Cosas_Variadas\datos_finales\train_wav\audio_258_aug_0.wav,ipatsá
c:\Users\joaqu\Escritorio\Joaquim_Juha\Universidad y Estudios\Proyectos\Cosas_Variadas\datos_finales\train_wav\audio_258_aug_1.wav,ipatsá
c:\Users\joaqu\Escritorio\Joaquim_Juha\Universidad y Estudios\Proyectos\Cosas_Variadas\datos_finales\train_wav\audio_371_clean.wav,tsóbia
c:\Users\joaqu\Escritorio\Joaquim_Juha\Universidad y Estudios\Proyectos\Cosas_Variadas\datos_finales\train_wav\audio_371_aug_0.wav,tsóbia
c:\Users\joaqu\Escritorio\Joaquim_Juha\Universidad y Estudios\Proyectos\Cosas_Variadas\datos_finales\train_wav\audio_371_aug_1.wav,tsóbia
c:\Users\joaqu\Escritorio\Joaquim_Juha\Universidad y Estudios\Proyectos\Cosas_Variadas\datos_finales\train_wav\audio_215_clean.wav,niha-bitsábi
c:\Users\joaqu\Escritorio\Joaquim_Juha\Universidad y Estudios\Proyectos\Cosas_Variadas\datos_finales\train_wav\audio_215_aug_0.wav,niha-bitsábi
c:\Users\joaqu\Escritorio\Joaquim_Juha\Universidad y Estudios\Proyectos\Cosas_Variadas\datos_finales\train_wav\audio_215_aug_1.wav,niha-bitsábi
c:\Users\joaqu\Escritorio\Joaquim_Juha\Universidad y Estudios\Proyectos\Cosas_Variadas\datos_finales\train_wav\audio_143_clean.wav,taré-to
c:\Users\joaqu\Escritorio\Joaquim_Juha\Universidad y Estudios\Proyectos\Cosas_Variadas\datos_finales\train_wav\audio_143_aug_0.wav,taré-to
c:\Users\joaqu\Escritorio\Joaquim_Juha\Universidad y Estudios\Proyectos\Cosas_Variadas\datos_finales\train_wav\audio_143_aug_1.wav,taré-to
c:\Users\joaqu\Escritorio\Joaquim_Juha\Universidad y Estudios\Proyectos\Cosas_Variadas\datos_finales\train_wav\audio_278_clean.wav,húme-tane
c:\Users\joaqu\Escritorio\Joaquim_Juha\Universidad y Estudios\Proyectos\Cosas_Variadas\datos_finales\train_wav\audio_278_aug_0.wav,húme-tane
c:\Users\joaqu\Escritorio\Joaquim_Juha\Universidad y Estudios\Proyectos\Cosas_Variadas\datos_finales\train_wav\audio_278_aug_1.wav,húme-tane
c:\Users\joaqu\Escritorio\Joaquim_Juha\Universidad y Estudios\Proyectos\Cosas_Variadas\datos_finales\train_wav\audio_354_clean.wav,ká-ëxëka
c:\Users\joaqu\Escritorio\Joaquim_Juha\Universidad y Estudios\Proyectos\Cosas_Variadas\datos_finales\train_wav\audio_354_aug_0.wav,ká-ëxëka
c:\Users\joaqu\Escritorio\Joaquim_Juha\Universidad y Estudios\Proyectos\Cosas_Variadas\datos_finales\train_wav\audio_354_aug_1.wav,ká-ëxëka
c:\Users\joaqu\Escritorio\Joaquim_Juha\Universidad y Estudios\Proyectos\Cosas_Variadas\datos_finales\train_wav\audio_360_clean.wav,na-húmatabë-xáina
c:\Users\joaqu\Escritorio\Joaquim_Juha\Universidad y Estudios\Proyectos\Cosas_Variadas\datos_finales\train_wav\audio_360_aug_0.wav,na-húmatabë-xáina
c:\Users\joaqu\Escritorio\Joaquim_Juha\Universidad y Estudios\Proyectos\Cosas_Variadas\datos_finales\train_wav\audio_360_aug_1.wav,na-húmatabë-xáina
c:\Users\joaqu\Escritorio\Joaquim_Juha\Universidad y Estudios\Proyectos\Cosas_Variadas\datos_finales\train_wav\audio_20_clean.wav,pe-maxë-tháë-to
c:\Users\joaqu\Escritorio\Joaquim_Juha\Universidad y Estudios\Proyectos\Cosas_Variadas\datos_finales\train_wav\audio_20_aug_0.wav,pe-maxë-tháë-to
c:\Users\joaqu\Escritorio\Joaquim_Juha\Universidad y Estudios\Proyectos\Cosas_Variadas\datos_finales\train_wav\audio_20_aug_1.wav,pe-maxë-tháë-to
c:\Users\joaqu\Escritorio\Joaquim_Juha\Universidad y Estudios\Proyectos\Cosas_Variadas\datos_finales\train_wav\audio_150_clean.wav,váyafo
c:\Users\joaqu\Escritorio\Joaquim_Juha\Universidad y Estudios\Proyectos\Cosas_Variadas\datos_finales\train_wav\audio_150_aug_0.wav,váyafo
c:\Users\joaqu\Escritorio\Joaquim_Juha\Universidad y Estudios\Proyectos\Cosas_Variadas\datos_finales\train_wav\audio_150_aug_1.wav,váyafo
c:\Users\joaqu\Escritorio\Joaquim_Juha\Universidad y Estudios\Proyectos\Cosas_Variadas\datos_finales\train_wav\audio_85_clean.wav,námu-to
c:\Users\joaqu\Escritorio\Joaquim_Juha\Universidad y Estudios\Proyectos\Cosas_Variadas\datos_finales\train_wav\audio_85_aug_0.wav,námu-to
c:\Users\joaqu\Escritorio\Joaquim_Juha\Universidad y Estudios\Proyectos\Cosas_Variadas\datos_finales\train_wav\audio_85_aug_1.wav,námu-to
c:\Users\joaqu\Escritorio\Joaquim_Juha\Universidad y Estudios\Proyectos\Cosas_Variadas\datos_finales\train_wav\audio_127_clean.wav,bara-tsuí-to
c:\Users\joaqu\Escritorio\Joaquim_Juha\Universidad y Estudios\Proyectos\Cosas_Variadas\datos_finales\train_wav\audio_127_aug_0.wav,bara-tsuí-to
c:\Users\joaqu\Escritorio\Joaquim_Juha\Universidad y Estudios\Proyectos\Cosas_Variadas\datos_finales\train_wav\audio_127_aug_1.wav,bara-tsuí-to
c:\Users\joaqu\Escritorio\Joaquim_Juha\Universidad y Estudios\Proyectos\Cosas_Variadas\datos_finales\train_wav\audio_19_clean.wav,pe-maxë-sí-to
c:\Users\joaqu\Escritorio\Joaquim_Juha\Universidad y Estudios\Proyectos\Cosas_Variadas\datos_finales\train_wav\audio_19_aug_0.wav,pe-maxë-sí-to
c:\Users\joaqu\Escritorio\Joaquim_Juha\Universidad y Estudios\Proyectos\Cosas_Variadas\datos_finales\train_wav\audio_19_aug_1.wav,pe-maxë-sí-to
c:\Users\joaqu\Escritorio\Joaquim_Juha\Universidad y Estudios\Proyectos\Cosas_Variadas\datos_finales\train_wav\audio_241_clean.wav,pe-kobe-ya-vére-to
c:\Users\joaqu\Escritorio\Joaquim_Juha\Universidad y Estudios\Proyectos\Cosas_Variadas\datos_finales\train_wav\audio_241_aug_0.wav,pe-kobe-ya-vére-to
c:\Users\joaqu\Escritorio\Joaquim_Juha\Universidad y Estudios\Proyectos\Cosas_Variadas\datos_finales\train_wav\audio_241_aug_1.wav,pe-kobe-ya-vére-to
c:\Users\joaqu\Escritorio\Joaquim_Juha\Universidad y Estudios\Proyectos\Cosas_Variadas\datos_finales\train_wav\audio_114_clean.wav,hára
c:\Users\joaqu\Escritorio\Joaquim_Juha\Universidad y Estudios\Proyectos\Cosas_Variadas\datos_finales\train_wav\audio_114_aug_0.wav,hára
c:\Users\joaqu\Escritorio\Joaquim_Juha\Universidad y Estudios\Proyectos\Cosas_Variadas\datos_finales\train_wav\audio_114_aug_1.wav,hára
c:\Users\joaqu\Escritorio\Joaquim_Juha\Universidad y Estudios\Proyectos\Cosas_Variadas\datos_finales\train_wav\audio_292_clean.wav,sáhava
c:\Users\joaqu\Escritorio\Joaquim_Juha\Universidad y Estudios\Proyectos\Cosas_Variadas\datos_finales\train_wav\audio_292_aug_0.wav,sáhava
c:\Users\joaqu\Escritorio\Joaquim_Juha\Universidad y Estudios\Proyectos\Cosas_Variadas\datos_finales\train_wav\audio_292_aug_1.wav,sáhava
c:\Users\joaqu\Escritorio\Joaquim_Juha\Universidad y Estudios\Proyectos\Cosas_Variadas\datos_finales\train_wav\audio_33_clean.wav,pí-hana
c:\Users\joaqu\Escritorio\Joaquim_Juha\Universidad y Estudios\Proyectos\Cosas_Variadas\datos_finales\train_wav\audio_33_aug_0.wav,pí-hana
c:\Users\joaqu\Escritorio\Joaquim_Juha\Universidad y Estudios\Proyectos\Cosas_Variadas\datos_finales\train_wav\audio_33_aug_1.wav,pí-hana
c:\Users\joaqu\Escritorio\Joaquim_Juha\Universidad y Estudios\Proyectos\Cosas_Variadas\datos_finales\train_wav\audio_274_clean.wav,apa
c:\Users\joaqu\Escritorio\Joaquim_Juha\Universidad y Estudios\Proyectos\Cosas_Variadas\datos_finales\train_wav\audio_274_aug_0.wav,apa
c:\Users\joaqu\Escritorio\Joaquim_Juha\Universidad y Estudios\Proyectos\Cosas_Variadas\datos_finales\train_wav\audio_274_aug_1.wav,apa
c:\Users\joaqu\Escritorio\Joaquim_Juha\Universidad y Estudios\Proyectos\Cosas_Variadas\datos_finales\train_wav\audio_159_clean.wav,pe-xú-to
c:\Users\joaqu\Escritorio\Joaquim_Juha\Universidad y Estudios\Proyectos\Cosas_Variadas\datos_finales\train_wav\audio_159_aug_0.wav,pe-xú-to
c:\Users\joaqu\Escritorio\Joaquim_Juha\Universidad y Estudios\Proyectos\Cosas_Variadas\datos_finales\train_wav\audio_159_aug_1.wav,pe-xú-to
c:\Users\joaqu\Escritorio\Joaquim_Juha\Universidad y Estudios\Proyectos\Cosas_Variadas\datos_finales\train_wav\audio_193_clean.wav,tsi-tsí-to
c:\Users\joaqu\Escritorio\Joaquim_Juha\Universidad y Estudios\Proyectos\Cosas_Variadas\datos_finales\train_wav\audio_193_aug_0.wav,tsi-tsí-to
c:\Users\joaqu\Escritorio\Joaquim_Juha\Universidad y Estudios\Proyectos\Cosas_Variadas\datos_finales\train_wav\audio_193_aug_1.wav,tsi-tsí-to
c:\Users\joaqu\Escritorio\Joaquim_Juha\Universidad y Estudios\Proyectos\Cosas_Variadas\datos_finales\train_wav\audio_358_clean.wav,hópa
c:\Users\joaqu\Escritorio\Joaquim_Juha\Universidad y Estudios\Proyectos\Cosas_Variadas\datos_finales\train_wav\audio_358_aug_0.wav,hópa
c:\Users\joaqu\Escritorio\Joaquim_Juha\Universidad y Estudios\Proyectos\Cosas_Variadas\datos_finales\train_wav\audio_358_aug_1.wav,hópa
c:\Users\joaqu\Escritorio\Joaquim_Juha\Universidad y Estudios\Proyectos\Cosas_Variadas\datos_finales\train_wav\audio_331_clean.wav,tsikiri-háva-yo
c:\Users\joaqu\Escritorio\Joaquim_Juha\Universidad y Estudios\Proyectos\Cosas_Variadas\datos_finales\train_wav\audio_331_aug_0.wav,tsikiri-háva-yo
c:\Users\joaqu\Escritorio\Joaquim_Juha\Universidad y Estudios\Proyectos\Cosas_Variadas\datos_finales\train_wav\audio_331_aug_1.wav,tsikiri-háva-yo
c:\Users\joaqu\Escritorio\Joaquim_Juha\Universidad y Estudios\Proyectos\Cosas_Variadas\datos_finales\train_wav\audio_285_clean.wav,póna-pona
c:\Users\joaqu\Escritorio\Joaquim_Juha\Universidad y Estudios\Proyectos\Cosas_Variadas\datos_finales\train_wav\audio_285_aug_0.wav,póna-pona
c:\Users\joaqu\Escritorio\Joaquim_Juha\Universidad y Estudios\Proyectos\Cosas_Variadas\datos_finales\train_wav\audio_285_aug_1.wav,póna-pona
c:\Users\joaqu\Escritorio\Joaquim_Juha\Universidad y Estudios\Proyectos\Cosas_Variadas\datos_finales\train_wav\audio_175_clean.wav,misi-bo-to
c:\Users\joaqu\Escritorio\Joaquim_Juha\Universidad y Estudios\Proyectos\Cosas_Variadas\datos_finales\train_wav\audio_175_aug_0.wav,misi-bo-to
c:\Users\joaqu\Escritorio\Joaquim_Juha\Universidad y Estudios\Proyectos\Cosas_Variadas\datos_finales\train_wav\audio_175_aug_1.wav,misi-bo-to
c:\Users\joaqu\Escritorio\Joaquim_Juha\Universidad y Estudios\Proyectos\Cosas_Variadas\datos_finales\train_wav\audio_63_clean.wav,hoví-bo
c:\Users\joaqu\Escritorio\Joaquim_Juha\Universidad y Estudios\Proyectos\Cosas_Variadas\datos_finales\train_wav\audio_63_aug_0.wav,hoví-bo
c:\Users\joaqu\Escritorio\Joaquim_Juha\Universidad y Estudios\Proyectos\Cosas_Variadas\datos_finales\train_wav\audio_63_aug_1.wav,hoví-bo
c:\Users\joaqu\Escritorio\Joaquim_Juha\Universidad y Estudios\Proyectos\Cosas_Variadas\datos_finales\train_wav\audio_158_clean.wav,pe-tabú-topa
c:\Users\joaqu\Escritorio\Joaquim_Juha\Universidad y Estudios\Proyectos\Cosas_Variadas\datos_finales\train_wav\audio_158_aug_0.wav,pe-tabú-topa
c:\Users\joaqu\Escritorio\Joaquim_Juha\Universidad y Estudios\Proyectos\Cosas_Variadas\datos_finales\train_wav\audio_158_aug_1.wav,pe-tabú-topa
c:\Users\joaqu\Escritorio\Joaquim_Juha\Universidad y Estudios\Proyectos\Cosas_Variadas\datos_finales\train_wav\audio_313_clean.wav,kiáta
c:\Users\joaqu\Escritorio\Joaquim_Juha\Universidad y Estudios\Proyectos\Cosas_Variadas\datos_finales\train_wav\audio_313_aug_0.wav,kiáta
c:\Users\joaqu\Escritorio\Joaquim_Juha\Universidad y Estudios\Proyectos\Cosas_Variadas\datos_finales\train_wav\audio_313_aug_1.wav,kiáta
c:\Users\joaqu\Escritorio\Joaquim_Juha\Universidad y Estudios\Proyectos\Cosas_Variadas\datos_finales\train_wav\audio_122_clean.wav,hómo
c:\Users\joaqu\Escritorio\Joaquim_Juha\Universidad y Estudios\Proyectos\Cosas_Variadas\datos_finales\train_wav\audio_122_aug_0.wav,hómo
c:\Users\joaqu\Escritorio\Joaquim_Juha\Universidad y Estudios\Proyectos\Cosas_Variadas\datos_finales\train_wav\audio_122_aug_1.wav,hómo
c:\Users\joaqu\Escritorio\Joaquim_Juha\Universidad y Estudios\Proyectos\Cosas_Variadas\datos_finales\train_wav\audio_156_clean.wav,pe-kuái-to
c:\Users\joaqu\Escritorio\Joaquim_Juha\Universidad y Estudios\Proyectos\Cosas_Variadas\datos_finales\train_wav\audio_156_aug_0.wav,pe-kuái-to
c:\Users\joaqu\Escritorio\Joaquim_Juha\Universidad y Estudios\Proyectos\Cosas_Variadas\datos_finales\train_wav\audio_156_aug_1.wav,pe-kuái-to
c:\Users\joaqu\Escritorio\Joaquim_Juha\Universidad y Estudios\Proyectos\Cosas_Variadas\datos_finales\train_wav\audio_16_clean.wav,pe-kóto-to
c:\Users\joaqu\Escritorio\Joaquim_Juha\Universidad y Estudios\Proyectos\Cosas_Variadas\datos_finales\train_wav\audio_16_aug_0.wav,pe-kóto-to
c:\Users\joaqu\Escritorio\Joaquim_Juha\Universidad y Estudios\Proyectos\Cosas_Variadas\datos_finales\train_wav\audio_16_aug_1.wav,pe-kóto-to
c:\Users\joaqu\Escritorio\Joaquim_Juha\Universidad y Estudios\Proyectos\Cosas_Variadas\datos_finales\train_wav\audio_238_clean.wav,pe-kuai-bo-kará-to
c:\Users\joaqu\Escritorio\Joaquim_Juha\Universidad y Estudios\Proyectos\Cosas_Variadas\datos_finales\train_wav\audio_238_aug_0.wav,pe-kuai-bo-kará-to
c:\Users\joaqu\Escritorio\Joaquim_Juha\Universidad y Estudios\Proyectos\Cosas_Variadas\datos_finales\train_wav\audio_238_aug_1.wav,pe-kuai-bo-kará-to
c:\Users\joaqu\Escritorio\Joaquim_Juha\Universidad y Estudios\Proyectos\Cosas_Variadas\datos_finales\train_wav\audio_7_clean.wav,pe-muxu-yóro-to
c:\Users\joaqu\Escritorio\Joaquim_Juha\Universidad y Estudios\Proyectos\Cosas_Variadas\datos_finales\train_wav\audio_7_aug_0.wav,pe-muxu-yóro-to
c:\Users\joaqu\Escritorio\Joaquim_Juha\Universidad y Estudios\Proyectos\Cosas_Variadas\datos_finales\train_wav\audio_7_aug_1.wav,pe-muxu-yóro-to
c:\Users\joaqu\Escritorio\Joaquim_Juha\Universidad y Estudios\Proyectos\Cosas_Variadas\datos_finales\train_wav\audio_273_clean.wav,pí-hapa-to
c:\Users\joaqu\Escritorio\Joaquim_Juha\Universidad y Estudios\Proyectos\Cosas_Variadas\datos_finales\train_wav\audio_273_aug_0.wav,pí-hapa-to
c:\Users\joaqu\Escritorio\Joaquim_Juha\Universidad y Estudios\Proyectos\Cosas_Variadas\datos_finales\train_wav\audio_273_aug_1.wav,pí-hapa-to
c:\Users\joaqu\Escritorio\Joaquim_Juha\Universidad y Estudios\Proyectos\Cosas_Variadas\datos_finales\train_wav\audio_249_clean.wav,pábi
c:\Users\joaqu\Escritorio\Joaquim_Juha\Universidad y Estudios\Proyectos\Cosas_Variadas\datos_finales\train_wav\audio_249_aug_0.wav,pábi
c:\Users\joaqu\Escritorio\Joaquim_Juha\Universidad y Estudios\Proyectos\Cosas_Variadas\datos_finales\train_wav\audio_249_aug_1.wav,pábi
c:\Users\joaqu\Escritorio\Joaquim_Juha\Universidad y Estudios\Proyectos\Cosas_Variadas\datos_finales\train_wav\audio_11_clean.wav,pe-bëxë-sáli-to
c:\Users\joaqu\Escritorio\Joaquim_Juha\Universidad y Estudios\Proyectos\Cosas_Variadas\datos_finales\train_wav\audio_11_aug_0.wav,pe-bëxë-sáli-to
c:\Users\joaqu\Escritorio\Joaquim_Juha\Universidad y Estudios\Proyectos\Cosas_Variadas\datos_finales\train_wav\audio_11_aug_1.wav,pe-bëxë-sáli-to
c:\Users\joaqu\Escritorio\Joaquim_Juha\Universidad y Estudios\Proyectos\Cosas_Variadas\datos_finales\train_wav\audio_169_clean.wav,dáëthë
c:\Users\joaqu\Escritorio\Joaquim_Juha\Universidad y Estudios\Proyectos\Cosas_Variadas\datos_finales\train_wav\audio_169_aug_0.wav,dáëthë
c:\Users\joaqu\Escritorio\Joaquim_Juha\Universidad y Estudios\Proyectos\Cosas_Variadas\datos_finales\train_wav\audio_169_aug_1.wav,dáëthë
c:\Users\joaqu\Escritorio\Joaquim_Juha\Universidad y Estudios\Proyectos\Cosas_Variadas\datos_finales\train_wav\audio_298_clean.wav,pe-hána-hava
c:\Users\joaqu\Escritorio\Joaquim_Juha\Universidad y Estudios\Proyectos\Cosas_Variadas\datos_finales\train_wav\audio_298_aug_0.wav,pe-hána-hava
c:\Users\joaqu\Escritorio\Joaquim_Juha\Universidad y Estudios\Proyectos\Cosas_Variadas\datos_finales\train_wav\audio_298_aug_1.wav,pe-hána-hava
c:\Users\joaqu\Escritorio\Joaquim_Juha\Universidad y Estudios\Proyectos\Cosas_Variadas\datos_finales\train_wav\audio_87_clean.wav,kulúpu-bo
c:\Users\joaqu\Escritorio\Joaquim_Juha\Universidad y Estudios\Proyectos\Cosas_Variadas\datos_finales\train_wav\audio_87_aug_0.wav,kulúpu-bo
c:\Users\joaqu\Escritorio\Joaquim_Juha\Universidad y Estudios\Proyectos\Cosas_Variadas\datos_finales\train_wav\audio_87_aug_1.wav,kulúpu-bo
c:\Users\joaqu\Escritorio\Joaquim_Juha\Universidad y Estudios\Proyectos\Cosas_Variadas\datos_finales\train_wav\audio_237_clean.wav,pe-vë-sí-to
c:\Users\joaqu\Escritorio\Joaquim_Juha\Universidad y Estudios\Proyectos\Cosas_Variadas\datos_finales\train_wav\audio_237_aug_0.wav,pe-vë-sí-to
c:\Users\joaqu\Escritorio\Joaquim_Juha\Universidad y Estudios\Proyectos\Cosas_Variadas\datos_finales\train_wav\audio_237_aug_1.wav,pe-vë-sí-to
c:\Users\joaqu\Escritorio\Joaquim_Juha\Universidad y Estudios\Proyectos\Cosas_Variadas\datos_finales\train_wav\audio_214_clean.wav,taha-bitsábi
c:\Users\joaqu\Escritorio\Joaquim_Juha\Universidad y Estudios\Proyectos\Cosas_Variadas\datos_finales\train_wav\audio_214_aug_0.wav,taha-bitsábi
c:\Users\joaqu\Escritorio\Joaquim_Juha\Universidad y Estudios\Proyectos\Cosas_Variadas\datos_finales\train_wav\audio_214_aug_1.wav,taha-bitsábi
c:\Users\joaqu\Escritorio\Joaquim_Juha\Universidad y Estudios\Proyectos\Cosas_Variadas\datos_finales\train_wav\audio_184_clean.wav,peneyánetsi
c:\Users\joaqu\Escritorio\Joaquim_Juha\Universidad y Estudios\Proyectos\Cosas_Variadas\datos_finales\train_wav\audio_184_aug_0.wav,peneyánetsi
c:\Users\joaqu\Escritorio\Joaquim_Juha\Universidad y Estudios\Proyectos\Cosas_Variadas\datos_finales\train_wav\audio_184_aug_1.wav,peneyánetsi
c:\Users\joaqu\Escritorio\Joaquim_Juha\Universidad y Estudios\Proyectos\Cosas_Variadas\datos_finales\train_wav\audio_187_clean.wav,vaha-kae-toropitsi
c:\Users\joaqu\Escritorio\Joaquim_Juha\Universidad y Estudios\Proyectos\Cosas_Variadas\datos_finales\train_wav\audio_187_aug_0.wav,vaha-kae-toropitsi
c:\Users\joaqu\Escritorio\Joaquim_Juha\Universidad y Estudios\Proyectos\Cosas_Variadas\datos_finales\train_wav\audio_187_aug_1.wav,vaha-kae-toropitsi
c:\Users\joaqu\Escritorio\Joaquim_Juha\Universidad y Estudios\Proyectos\Cosas_Variadas\datos_finales\train_wav\audio_250_clean.wav,penaha-to
c:\Users\joaqu\Escritorio\Joaquim_Juha\Universidad y Estudios\Proyectos\Cosas_Variadas\datos_finales\train_wav\audio_250_aug_0.wav,penaha-to
c:\Users\joaqu\Escritorio\Joaquim_Juha\Universidad y Estudios\Proyectos\Cosas_Variadas\datos_finales\train_wav\audio_250_aug_1.wav,penaha-to
c:\Users\joaqu\Escritorio\Joaquim_Juha\Universidad y Estudios\Proyectos\Cosas_Variadas\datos_finales\train_wav\audio_355_clean.wav,kúa
c:\Users\joaqu\Escritorio\Joaquim_Juha\Universidad y Estudios\Proyectos\Cosas_Variadas\datos_finales\train_wav\audio_355_aug_0.wav,kúa
c:\Users\joaqu\Escritorio\Joaquim_Juha\Universidad y Estudios\Proyectos\Cosas_Variadas\datos_finales\train_wav\audio_355_aug_1.wav,kúa
c:\Users\joaqu\Escritorio\Joaquim_Juha\Universidad y Estudios\Proyectos\Cosas_Variadas\datos_finales\train_wav\audio_100_clean.wav,tuhú-bë
c:\Users\joaqu\Escritorio\Joaquim_Juha\Universidad y Estudios\Proyectos\Cosas_Variadas\datos_finales\train_wav\audio_100_aug_0.wav,tuhú-bë
c:\Users\joaqu\Escritorio\Joaquim_Juha\Universidad y Estudios\Proyectos\Cosas_Variadas\datos_finales\train_wav\audio_100_aug_1.wav,tuhú-bë
c:\Users\joaqu\Escritorio\Joaquim_Juha\Universidad y Estudios\Proyectos\Cosas_Variadas\datos_finales\train_wav\audio_73_clean.wav,bó-to
c:\Users\joaqu\Escritorio\Joaquim_Juha\Universidad y Estudios\Proyectos\Cosas_Variadas\datos_finales\train_wav\audio_73_aug_0.wav,bó-to
c:\Users\joaqu\Escritorio\Joaquim_Juha\Universidad y Estudios\Proyectos\Cosas_Variadas\datos_finales\train_wav\audio_73_aug_1.wav,bó-to
c:\Users\joaqu\Escritorio\Joaquim_Juha\Universidad y Estudios\Proyectos\Cosas_Variadas\datos_finales\train_wav\audio_327_clean.wav,tsikiri-hívi-yo
c:\Users\joaqu\Escritorio\Joaquim_Juha\Universidad y Estudios\Proyectos\Cosas_Variadas\datos_finales\train_wav\audio_327_aug_0.wav,tsikiri-hívi-yo
c:\Users\joaqu\Escritorio\Joaquim_Juha\Universidad y Estudios\Proyectos\Cosas_Variadas\datos_finales\train_wav\audio_327_aug_1.wav,tsikiri-hívi-yo
c:\Users\joaqu\Escritorio\Joaquim_Juha\Universidad y Estudios\Proyectos\Cosas_Variadas\datos_finales\train_wav\audio_104_clean.wav,bohóna-vi
c:\Users\joaqu\Escritorio\Joaquim_Juha\Universidad y Estudios\Proyectos\Cosas_Variadas\datos_finales\train_wav\audio_104_aug_0.wav,bohóna-vi
c:\Users\joaqu\Escritorio\Joaquim_Juha\Universidad y Estudios\Proyectos\Cosas_Variadas\datos_finales\train_wav\audio_104_aug_1.wav,bohóna-vi
c:\Users\joaqu\Escritorio\Joaquim_Juha\Universidad y Estudios\Proyectos\Cosas_Variadas\datos_finales\train_wav\audio_154_clean.wav,náe-baxu-to
c:\Users\joaqu\Escritorio\Joaquim_Juha\Universidad y Estudios\Proyectos\Cosas_Variadas\datos_finales\train_wav\audio_154_aug_0.wav,náe-baxu-to
c:\Users\joaqu\Escritorio\Joaquim_Juha\Universidad y Estudios\Proyectos\Cosas_Variadas\datos_finales\train_wav\audio_154_aug_1.wav,náe-baxu-to
c:\Users\joaqu\Escritorio\Joaquim_Juha\Universidad y Estudios\Proyectos\Cosas_Variadas\datos_finales\train_wav\audio_287_clean.wav,rúka
c:\Users\joaqu\Escritorio\Joaquim_Juha\Universidad y Estudios\Proyectos\Cosas_Variadas\datos_finales\train_wav\audio_287_aug_0.wav,rúka
c:\Users\joaqu\Escritorio\Joaquim_Juha\Universidad y Estudios\Proyectos\Cosas_Variadas\datos_finales\train_wav\audio_287_aug_1.wav,rúka
c:\Users\joaqu\Escritorio\Joaquim_Juha\Universidad y Estudios\Proyectos\Cosas_Variadas\datos_finales\train_wav\audio_106_clean.wav,nếhë
c:\Users\joaqu\Escritorio\Joaquim_Juha\Universidad y Estudios\Proyectos\Cosas_Variadas\datos_finales\train_wav\audio_106_aug_0.wav,nếhë
c:\Users\joaqu\Escritorio\Joaquim_Juha\Universidad y Estudios\Proyectos\Cosas_Variadas\datos_finales\train_wav\audio_106_aug_1.wav,nếhë
c:\Users\joaqu\Escritorio\Joaquim_Juha\Universidad y Estudios\Proyectos\Cosas_Variadas\datos_finales\train_wav\audio_370_clean.wav,bé-tsia
c:\Users\joaqu\Escritorio\Joaquim_Juha\Universidad y Estudios\Proyectos\Cosas_Variadas\datos_finales\train_wav\audio_370_aug_0.wav,bé-tsia
c:\Users\joaqu\Escritorio\Joaquim_Juha\Universidad y Estudios\Proyectos\Cosas_Variadas\datos_finales\train_wav\audio_370_aug_1.wav,bé-tsia
c:\Users\joaqu\Escritorio\Joaquim_Juha\Universidad y Estudios\Proyectos\Cosas_Variadas\datos_finales\train_wav\audio_72_clean.wav,íra
c:\Users\joaqu\Escritorio\Joaquim_Juha\Universidad y Estudios\Proyectos\Cosas_Variadas\datos_finales\train_wav\audio_72_aug_0.wav,íra
c:\Users\joaqu\Escritorio\Joaquim_Juha\Universidad y Estudios\Proyectos\Cosas_Variadas\datos_finales\train_wav\audio_72_aug_1.wav,íra
c:\Users\joaqu\Escritorio\Joaquim_Juha\Universidad y Estudios\Proyectos\Cosas_Variadas\datos_finales\train_wav\audio_24_clean.wav,pe-kopía-boko-to
c:\Users\joaqu\Escritorio\Joaquim_Juha\Universidad y Estudios\Proyectos\Cosas_Variadas\datos_finales\train_wav\audio_24_aug_0.wav,pe-kopía-boko-to
c:\Users\joaqu\Escritorio\Joaquim_Juha\Universidad y Estudios\Proyectos\Cosas_Variadas\datos_finales\train_wav\audio_24_aug_1.wav,pe-kopía-boko-to
c:\Users\joaqu\Escritorio\Joaquim_Juha\Universidad y Estudios\Proyectos\Cosas_Variadas\datos_finales\train_wav\audio_39_clean.wav,pébi
c:\Users\joaqu\Escritorio\Joaquim_Juha\Universidad y Estudios\Proyectos\Cosas_Variadas\datos_finales\train_wav\audio_39_aug_0.wav,pébi
c:\Users\joaqu\Escritorio\Joaquim_Juha\Universidad y Estudios\Proyectos\Cosas_Variadas\datos_finales\train_wav\audio_39_aug_1.wav,pébi
c:\Users\joaqu\Escritorio\Joaquim_Juha\Universidad y Estudios\Proyectos\Cosas_Variadas\datos_finales\train_wav\audio_155_clean.wav,pe-matóno-to
c:\Users\joaqu\Escritorio\Joaquim_Juha\Universidad y Estudios\Proyectos\Cosas_Variadas\datos_finales\train_wav\audio_155_aug_0.wav,pe-matóno-to
c:\Users\joaqu\Escritorio\Joaquim_Juha\Universidad y Estudios\Proyectos\Cosas_Variadas\datos_finales\train_wav\audio_155_aug_1.wav,pe-matóno-to
c:\Users\joaqu\Escritorio\Joaquim_Juha\Universidad y Estudios\Proyectos\Cosas_Variadas\datos_finales\train_wav\audio_133_clean.wav,ké-ke-re
c:\Users\joaqu\Escritorio\Joaquim_Juha\Universidad y Estudios\Proyectos\Cosas_Variadas\datos_finales\train_wav\audio_133_aug_0.wav,ké-ke-re
c:\Users\joaqu\Escritorio\Joaquim_Juha\Universidad y Estudios\Proyectos\Cosas_Variadas\datos_finales\train_wav\audio_133_aug_1.wav,ké-ke-re
c:\Users\joaqu\Escritorio\Joaquim_Juha\Universidad y Estudios\Proyectos\Cosas_Variadas\datos_finales\train_wav\audio_71_clean.wav,araváli-bo
c:\Users\joaqu\Escritorio\Joaquim_Juha\Universidad y Estudios\Proyectos\Cosas_Variadas\datos_finales\train_wav\audio_71_aug_0.wav,araváli-bo
c:\Users\joaqu\Escritorio\Joaquim_Juha\Universidad y Estudios\Proyectos\Cosas_Variadas\datos_finales\train_wav\audio_71_aug_1.wav,araváli-bo
c:\Users\joaqu\Escritorio\Joaquim_Juha\Universidad y Estudios\Proyectos\Cosas_Variadas\datos_finales\train_wav\audio_300_clean.wav,tséva
c:\Users\joaqu\Escritorio\Joaquim_Juha\Universidad y Estudios\Proyectos\Cosas_Variadas\datos_finales\train_wav\audio_300_aug_0.wav,tséva
c:\Users\joaqu\Escritorio\Joaquim_Juha\Universidad y Estudios\Proyectos\Cosas_Variadas\datos_finales\train_wav\audio_300_aug_1.wav,tséva
c:\Users\joaqu\Escritorio\Joaquim_Juha\Universidad y Estudios\Proyectos\Cosas_Variadas\datos_finales\train_wav\audio_310_clean.wav,kuihiná-hina
c:\Users\joaqu\Escritorio\Joaquim_Juha\Universidad y Estudios\Proyectos\Cosas_Variadas\datos_finales\train_wav\audio_310_aug_0.wav,kuihiná-hina
c:\Users\joaqu\Escritorio\Joaquim_Juha\Universidad y Estudios\Proyectos\Cosas_Variadas\datos_finales\train_wav\audio_310_aug_1.wav,kuihiná-hina
c:\Users\joaqu\Escritorio\Joaquim_Juha\Universidad y Estudios\Proyectos\Cosas_Variadas\datos_finales\train_wav\audio_136_clean.wav,kúyuvi
c:\Users\joaqu\Escritorio\Joaquim_Juha\Universidad y Estudios\Proyectos\Cosas_Variadas\datos_finales\train_wav\audio_136_aug_0.wav,kúyuvi
c:\Users\joaqu\Escritorio\Joaquim_Juha\Universidad y Estudios\Proyectos\Cosas_Variadas\datos_finales\train_wav\audio_136_aug_1.wav,kúyuvi
c:\Users\joaqu\Escritorio\Joaquim_Juha\Universidad y Estudios\Proyectos\Cosas_Variadas\datos_finales\train_wav\audio_157_clean.wav,pe-náni
c:\Users\joaqu\Escritorio\Joaquim_Juha\Universidad y Estudios\Proyectos\Cosas_Variadas\datos_finales\train_wav\audio_157_aug_0.wav,pe-náni
c:\Users\joaqu\Escritorio\Joaquim_Juha\Universidad y Estudios\Proyectos\Cosas_Variadas\datos_finales\train_wav\audio_157_aug_1.wav,pe-náni
c:\Users\joaqu\Escritorio\Joaquim_Juha\Universidad y Estudios\Proyectos\Cosas_Variadas\datos_finales\train_wav\audio_211_clean.wav,vaha-kóbe
c:\Users\joaqu\Escritorio\Joaquim_Juha\Universidad y Estudios\Proyectos\Cosas_Variadas\datos_finales\train_wav\audio_211_aug_0.wav,vaha-kóbe
c:\Users\joaqu\Escritorio\Joaquim_Juha\Universidad y Estudios\Proyectos\Cosas_Variadas\datos_finales\train_wav\audio_211_aug_1.wav,vaha-kóbe
c:\Users\joaqu\Escritorio\Joaquim_Juha\Universidad y Estudios\Proyectos\Cosas_Variadas\datos_finales\train_wav\audio_93_clean.wav,kuereré-bo
c:\Users\joaqu\Escritorio\Joaquim_Juha\Universidad y Estudios\Proyectos\Cosas_Variadas\datos_finales\train_wav\audio_93_aug_0.wav,kuereré-bo
c:\Users\joaqu\Escritorio\Joaquim_Juha\Universidad y Estudios\Proyectos\Cosas_Variadas\datos_finales\train_wav\audio_93_aug_1.wav,kuereré-bo
c:\Users\joaqu\Escritorio\Joaquim_Juha\Universidad y Estudios\Proyectos\Cosas_Variadas\datos_finales\train_wav\audio_316_clean.wav,pe-náa
c:\Users\joaqu\Escritorio\Joaquim_Juha\Universidad y Estudios\Proyectos\Cosas_Variadas\datos_finales\train_wav\audio_316_aug_0.wav,pe-náa
c:\Users\joaqu\Escritorio\Joaquim_Juha\Universidad y Estudios\Proyectos\Cosas_Variadas\datos_finales\train_wav\audio_316_aug_1.wav,pe-náa
c:\Users\joaqu\Escritorio\Joaquim_Juha\Universidad y Estudios\Proyectos\Cosas_Variadas\datos_finales\train_wav\audio_227_clean.wav,pe-tsaebía-hava
c:\Users\joaqu\Escritorio\Joaquim_Juha\Universidad y Estudios\Proyectos\Cosas_Variadas\datos_finales\train_wav\audio_227_aug_0.wav,pe-tsaebía-hava
c:\Users\joaqu\Escritorio\Joaquim_Juha\Universidad y Estudios\Proyectos\Cosas_Variadas\datos_finales\train_wav\audio_227_aug_1.wav,pe-tsaebía-hava
c:\Users\joaqu\Escritorio\Joaquim_Juha\Universidad y Estudios\Proyectos\Cosas_Variadas\datos_finales\train_wav\audio_318_clean.wav,p-ióne
c:\Users\joaqu\Escritorio\Joaquim_Juha\Universidad y Estudios\Proyectos\Cosas_Variadas\datos_finales\train_wav\audio_318_aug_0.wav,p-ióne
c:\Users\joaqu\Escritorio\Joaquim_Juha\Universidad y Estudios\Proyectos\Cosas_Variadas\datos_finales\train_wav\audio_318_aug_1.wav,p-ióne
c:\Users\joaqu\Escritorio\Joaquim_Juha\Universidad y Estudios\Proyectos\Cosas_Variadas\datos_finales\train_wav\audio_177_clean.wav,kúa-bo-to
c:\Users\joaqu\Escritorio\Joaquim_Juha\Universidad y Estudios\Proyectos\Cosas_Variadas\datos_finales\train_wav\audio_177_aug_0.wav,kúa-bo-to
c:\Users\joaqu\Escritorio\Joaquim_Juha\Universidad y Estudios\Proyectos\Cosas_Variadas\datos_finales\train_wav\audio_177_aug_1.wav,kúa-bo-to
c:\Users\joaqu\Escritorio\Joaquim_Juha\Universidad y Estudios\Proyectos\Cosas_Variadas\datos_finales\train_wav\audio_286_clean.wav,páta
c:\Users\joaqu\Escritorio\Joaquim_Juha\Universidad y Estudios\Proyectos\Cosas_Variadas\datos_finales\train_wav\audio_286_aug_0.wav,páta
c:\Users\joaqu\Escritorio\Joaquim_Juha\Universidad y Estudios\Proyectos\Cosas_Variadas\datos_finales\train_wav\audio_286_aug_1.wav,páta
c:\Users\joaqu\Escritorio\Joaquim_Juha\Universidad y Estudios\Proyectos\Cosas_Variadas\datos_finales\train_wav\audio_179_clean.wav,yáho
c:\Users\joaqu\Escritorio\Joaquim_Juha\Universidad y Estudios\Proyectos\Cosas_Variadas\datos_finales\train_wav\audio_179_aug_0.wav,yáho
c:\Users\joaqu\Escritorio\Joaquim_Juha\Universidad y Estudios\Proyectos\Cosas_Variadas\datos_finales\train_wav\audio_179_aug_1.wav,yáho
c:\Users\joaqu\Escritorio\Joaquim_Juha\Universidad y Estudios\Proyectos\Cosas_Variadas\datos_finales\train_wav\audio_265_clean.wav,pe-ví
c:\Users\joaqu\Escritorio\Joaquim_Juha\Universidad y Estudios\Proyectos\Cosas_Variadas\datos_finales\train_wav\audio_265_aug_0.wav,pe-ví
c:\Users\joaqu\Escritorio\Joaquim_Juha\Universidad y Estudios\Proyectos\Cosas_Variadas\datos_finales\train_wav\audio_265_aug_1.wav,pe-ví
c:\Users\joaqu\Escritorio\Joaquim_Juha\Universidad y Estudios\Proyectos\Cosas_Variadas\datos_finales\train_wav\audio_264_clean.wav,pe-boko-to
c:\Users\joaqu\Escritorio\Joaquim_Juha\Universidad y Estudios\Proyectos\Cosas_Variadas\datos_finales\train_wav\audio_264_aug_0.wav,pe-boko-to
c:\Users\joaqu\Escritorio\Joaquim_Juha\Universidad y Estudios\Proyectos\Cosas_Variadas\datos_finales\train_wav\audio_264_aug_1.wav,pe-boko-to
c:\Users\joaqu\Escritorio\Joaquim_Juha\Universidad y Estudios\Proyectos\Cosas_Variadas\datos_finales\train_wav\audio_262_clean.wav,ayái-hava
c:\Users\joaqu\Escritorio\Joaquim_Juha\Universidad y Estudios\Proyectos\Cosas_Variadas\datos_finales\train_wav\audio_262_aug_0.wav,ayái-hava
c:\Users\joaqu\Escritorio\Joaquim_Juha\Universidad y Estudios\Proyectos\Cosas_Variadas\datos_finales\train_wav\audio_262_aug_1.wav,ayái-hava
c:\Users\joaqu\Escritorio\Joaquim_Juha\Universidad y Estudios\Proyectos\Cosas_Variadas\datos_finales\train_wav\audio_140_clean.wav,habë-mánë-to
c:\Users\joaqu\Escritorio\Joaquim_Juha\Universidad y Estudios\Proyectos\Cosas_Variadas\datos_finales\train_wav\audio_140_aug_0.wav,habë-mánë-to
c:\Users\joaqu\Escritorio\Joaquim_Juha\Universidad y Estudios\Proyectos\Cosas_Variadas\datos_finales\train_wav\audio_140_aug_1.wav,habë-mánë-to
c:\Users\joaqu\Escritorio\Joaquim_Juha\Universidad y Estudios\Proyectos\Cosas_Variadas\datos_finales\train_wav\audio_40_clean.wav,pe-tíri-va
c:\Users\joaqu\Escritorio\Joaquim_Juha\Universidad y Estudios\Proyectos\Cosas_Variadas\datos_finales\train_wav\audio_40_aug_0.wav,pe-tíri-va
c:\Users\joaqu\Escritorio\Joaquim_Juha\Universidad y Estudios\Proyectos\Cosas_Variadas\datos_finales\train_wav\audio_40_aug_1.wav,pe-tíri-va
c:\Users\joaqu\Escritorio\Joaquim_Juha\Universidad y Estudios\Proyectos\Cosas_Variadas\datos_finales\train_wav\audio_12_clean.wav,pe-bëxë-pína
c:\Users\joaqu\Escritorio\Joaquim_Juha\Universidad y Estudios\Proyectos\Cosas_Variadas\datos_finales\train_wav\audio_12_aug_0.wav,pe-bëxë-pína
c:\Users\joaqu\Escritorio\Joaquim_Juha\Universidad y Estudios\Proyectos\Cosas_Variadas\datos_finales\train_wav\audio_12_aug_1.wav,pe-bëxë-pína
c:\Users\joaqu\Escritorio\Joaquim_Juha\Universidad y Estudios\Proyectos\Cosas_Variadas\datos_finales\train_wav\audio_243_clean.wav,pe-koro-ná-to
c:\Users\joaqu\Escritorio\Joaquim_Juha\Universidad y Estudios\Proyectos\Cosas_Variadas\datos_finales\train_wav\audio_243_aug_0.wav,pe-koro-ná-to
c:\Users\joaqu\Escritorio\Joaquim_Juha\Universidad y Estudios\Proyectos\Cosas_Variadas\datos_finales\train_wav\audio_243_aug_1.wav,pe-koro-ná-to
c:\Users\joaqu\Escritorio\Joaquim_Juha\Universidad y Estudios\Proyectos\Cosas_Variadas\datos_finales\train_wav\audio_200_clean.wav,xá-në
c:\Users\joaqu\Escritorio\Joaquim_Juha\Universidad y Estudios\Proyectos\Cosas_Variadas\datos_finales\train_wav\audio_200_aug_0.wav,xá-në
c:\Users\joaqu\Escritorio\Joaquim_Juha\Universidad y Estudios\Proyectos\Cosas_Variadas\datos_finales\train_wav\audio_200_aug_1.wav,xá-në
c:\Users\joaqu\Escritorio\Joaquim_Juha\Universidad y Estudios\Proyectos\Cosas_Variadas\datos_finales\train_wav\audio_123_clean.wav,homo-vábi
c:\Users\joaqu\Escritorio\Joaquim_Juha\Universidad y Estudios\Proyectos\Cosas_Variadas\datos_finales\train_wav\audio_123_aug_0.wav,homo-vábi
c:\Users\joaqu\Escritorio\Joaquim_Juha\Universidad y Estudios\Proyectos\Cosas_Variadas\datos_finales\train_wav\audio_123_aug_1.wav,homo-vábi
c:\Users\joaqu\Escritorio\Joaquim_Juha\Universidad y Estudios\Proyectos\Cosas_Variadas\datos_finales\train_wav\audio_242_clean.wav,pe-sí-to
c:\Users\joaqu\Escritorio\Joaquim_Juha\Universidad y Estudios\Proyectos\Cosas_Variadas\datos_finales\train_wav\audio_242_aug_0.wav,pe-sí-to
c:\Users\joaqu\Escritorio\Joaquim_Juha\Universidad y Estudios\Proyectos\Cosas_Variadas\datos_finales\train_wav\audio_242_aug_1.wav,pe-sí-to
c:\Users\joaqu\Escritorio\Joaquim_Juha\Universidad y Estudios\Proyectos\Cosas_Variadas\datos_finales\train_wav\audio_275_clean.wav,xáne
c:\Users\joaqu\Escritorio\Joaquim_Juha\Universidad y Estudios\Proyectos\Cosas_Variadas\datos_finales\train_wav\audio_275_aug_0.wav,xáne
c:\Users\joaqu\Escritorio\Joaquim_Juha\Universidad y Estudios\Proyectos\Cosas_Variadas\datos_finales\train_wav\audio_275_aug_1.wav,xáne
c:\Users\joaqu\Escritorio\Joaquim_Juha\Universidad y Estudios\Proyectos\Cosas_Variadas\datos_finales\train_wav\audio_128_clean.wav,si-si-bárë-to
c:\Users\joaqu\Escritorio\Joaquim_Juha\Universidad y Estudios\Proyectos\Cosas_Variadas\datos_finales\train_wav\audio_128_aug_0.wav,si-si-bárë-to
c:\Users\joaqu\Escritorio\Joaquim_Juha\Universidad y Estudios\Proyectos\Cosas_Variadas\datos_finales\train_wav\audio_128_aug_1.wav,si-si-bárë-to
c:\Users\joaqu\Escritorio\Joaquim_Juha\Universidad y Estudios\Proyectos\Cosas_Variadas\datos_finales\train_wav\audio_348_clean.wav,ikíka
c:\Users\joaqu\Escritorio\Joaquim_Juha\Universidad y Estudios\Proyectos\Cosas_Variadas\datos_finales\train_wav\audio_348_aug_0.wav,ikíka
c:\Users\joaqu\Escritorio\Joaquim_Juha\Universidad y Estudios\Proyectos\Cosas_Variadas\datos_finales\train_wav\audio_348_aug_1.wav,ikíka
c:\Users\joaqu\Escritorio\Joaquim_Juha\Universidad y Estudios\Proyectos\Cosas_Variadas\datos_finales\train_wav\audio_362_clean.wav,tuxú-ne
c:\Users\joaqu\Escritorio\Joaquim_Juha\Universidad y Estudios\Proyectos\Cosas_Variadas\datos_finales\train_wav\audio_362_aug_0.wav,tuxú-ne
c:\Users\joaqu\Escritorio\Joaquim_Juha\Universidad y Estudios\Proyectos\Cosas_Variadas\datos_finales\train_wav\audio_362_aug_1.wav,tuxú-ne
c:\Users\joaqu\Escritorio\Joaquim_Juha\Universidad y Estudios\Proyectos\Cosas_Variadas\datos_finales\train_wav\audio_351_clean.wav,bixána
c:\Users\joaqu\Escritorio\Joaquim_Juha\Universidad y Estudios\Proyectos\Cosas_Variadas\datos_finales\train_wav\audio_351_aug_0.wav,bixána
c:\Users\joaqu\Escritorio\Joaquim_Juha\Universidad y Estudios\Proyectos\Cosas_Variadas\datos_finales\train_wav\audio_351_aug_1.wav,bixána
c:\Users\joaqu\Escritorio\Joaquim_Juha\Universidad y Estudios\Proyectos\Cosas_Variadas\datos_finales\train_wav\audio_342_clean.wav,a-hué
c:\Users\joaqu\Escritorio\Joaquim_Juha\Universidad y Estudios\Proyectos\Cosas_Variadas\datos_finales\train_wav\audio_342_aug_0.wav,a-hué
c:\Users\joaqu\Escritorio\Joaquim_Juha\Universidad y Estudios\Proyectos\Cosas_Variadas\datos_finales\train_wav\audio_342_aug_1.wav,a-hué
c:\Users\joaqu\Escritorio\Joaquim_Juha\Universidad y Estudios\Proyectos\Cosas_Variadas\datos_finales\train_wav\audio_176_clean.wav,manacái-bo-to
c:\Users\joaqu\Escritorio\Joaquim_Juha\Universidad y Estudios\Proyectos\Cosas_Variadas\datos_finales\train_wav\audio_176_aug_0.wav,manacái-bo-to
c:\Users\joaqu\Escritorio\Joaquim_Juha\Universidad y Estudios\Proyectos\Cosas_Variadas\datos_finales\train_wav\audio_176_aug_1.wav,manacái-bo-to
c:\Users\joaqu\Escritorio\Joaquim_Juha\Universidad y Estudios\Proyectos\Cosas_Variadas\datos_finales\train_wav\audio_302_clean.wav,détsa pa-kuénia
c:\Users\joaqu\Escritorio\Joaquim_Juha\Universidad y Estudios\Proyectos\Cosas_Variadas\datos_finales\train_wav\audio_302_aug_0.wav,détsa pa-kuénia
c:\Users\joaqu\Escritorio\Joaquim_Juha\Universidad y Estudios\Proyectos\Cosas_Variadas\datos_finales\train_wav\audio_302_aug_1.wav,détsa pa-kuénia
c:\Users\joaqu\Escritorio\Joaquim_Juha\Universidad y Estudios\Proyectos\Cosas_Variadas\datos_finales\train_wav\audio_350_clean.wav,toróta
c:\Users\joaqu\Escritorio\Joaquim_Juha\Universidad y Estudios\Proyectos\Cosas_Variadas\datos_finales\train_wav\audio_350_aug_0.wav,toróta
c:\Users\joaqu\Escritorio\Joaquim_Juha\Universidad y Estudios\Proyectos\Cosas_Variadas\datos_finales\train_wav\audio_350_aug_1.wav,toróta
c:\Users\joaqu\Escritorio\Joaquim_Juha\Universidad y Estudios\Proyectos\Cosas_Variadas\datos_finales\train_wav\audio_165_clean.wav,tséma
c:\Users\joaqu\Escritorio\Joaquim_Juha\Universidad y Estudios\Proyectos\Cosas_Variadas\datos_finales\train_wav\audio_165_aug_0.wav,tséma
c:\Users\joaqu\Escritorio\Joaquim_Juha\Universidad y Estudios\Proyectos\Cosas_Variadas\datos_finales\train_wav\audio_165_aug_1.wav,tséma
c:\Users\joaqu\Escritorio\Joaquim_Juha\Universidad y Estudios\Proyectos\Cosas_Variadas\datos_finales\train_wav\audio_256_clean.wav,ma-xua-he
c:\Users\joaqu\Escritorio\Joaquim_Juha\Universidad y Estudios\Proyectos\Cosas_Variadas\datos_finales\train_wav\audio_256_aug_0.wav,ma-xua-he
c:\Users\joaqu\Escritorio\Joaquim_Juha\Universidad y Estudios\Proyectos\Cosas_Variadas\datos_finales\train_wav\audio_256_aug_1.wav,ma-xua-he
c:\Users\joaqu\Escritorio\Joaquim_Juha\Universidad y Estudios\Proyectos\Cosas_Variadas\datos_finales\train_wav\audio_3_clean.wav,pi-upi-yóro-to
c:\Users\joaqu\Escritorio\Joaquim_Juha\Universidad y Estudios\Proyectos\Cosas_Variadas\datos_finales\train_wav\audio_3_aug_0.wav,pi-upi-yóro-to
c:\Users\joaqu\Escritorio\Joaquim_Juha\Universidad y Estudios\Proyectos\Cosas_Variadas\datos_finales\train_wav\audio_3_aug_1.wav,pi-upi-yóro-to
c:\Users\joaqu\Escritorio\Joaquim_Juha\Universidad y Estudios\Proyectos\Cosas_Variadas\datos_finales\train_wav\audio_126_clean.wav,busú-to
c:\Users\joaqu\Escritorio\Joaquim_Juha\Universidad y Estudios\Proyectos\Cosas_Variadas\datos_finales\train_wav\audio_126_aug_0.wav,busú-to
c:\Users\joaqu\Escritorio\Joaquim_Juha\Universidad y Estudios\Proyectos\Cosas_Variadas\datos_finales\train_wav\audio_126_aug_1.wav,busú-to
c:\Users\joaqu\Escritorio\Joaquim_Juha\Universidad y Estudios\Proyectos\Cosas_Variadas\datos_finales\train_wav\audio_267_clean.wav,pe-nasítsi-to
c:\Users\joaqu\Escritorio\Joaquim_Juha\Universidad y Estudios\Proyectos\Cosas_Variadas\datos_finales\train_wav\audio_267_aug_0.wav,pe-nasítsi-to
c:\Users\joaqu\Escritorio\Joaquim_Juha\Universidad y Estudios\Proyectos\Cosas_Variadas\datos_finales\train_wav\audio_267_aug_1.wav,pe-nasítsi-to
c:\Users\joaqu\Escritorio\Joaquim_Juha\Universidad y Estudios\Proyectos\Cosas_Variadas\datos_finales\train_wav\audio_212_clean.wav,pa-ne-kóbe
c:\Users\joaqu\Escritorio\Joaquim_Juha\Universidad y Estudios\Proyectos\Cosas_Variadas\datos_finales\train_wav\audio_212_aug_0.wav,pa-ne-kóbe
c:\Users\joaqu\Escritorio\Joaquim_Juha\Universidad y Estudios\Proyectos\Cosas_Variadas\datos_finales\train_wav\audio_212_aug_1.wav,pa-ne-kóbe
c:\Users\joaqu\Escritorio\Joaquim_Juha\Universidad y Estudios\Proyectos\Cosas_Variadas\datos_finales\train_wav\audio_301_clean.wav,pe-ve-në
c:\Users\joaqu\Escritorio\Joaquim_Juha\Universidad y Estudios\Proyectos\Cosas_Variadas\datos_finales\train_wav\audio_301_aug_0.wav,pe-ve-në
c:\Users\joaqu\Escritorio\Joaquim_Juha\Universidad y Estudios\Proyectos\Cosas_Variadas\datos_finales\train_wav\audio_301_aug_1.wav,pe-ve-në
c:\Users\joaqu\Escritorio\Joaquim_Juha\Universidad y Estudios\Proyectos\Cosas_Variadas\datos_finales\train_wav\audio_131_clean.wav,xúra
c:\Users\joaqu\Escritorio\Joaquim_Juha\Universidad y Estudios\Proyectos\Cosas_Variadas\datos_finales\train_wav\audio_131_aug_0.wav,xúra
c:\Users\joaqu\Escritorio\Joaquim_Juha\Universidad y Estudios\Proyectos\Cosas_Variadas\datos_finales\train_wav\audio_131_aug_1.wav,xúra
c:\Users\joaqu\Escritorio\Joaquim_Juha\Universidad y Estudios\Proyectos\Cosas_Variadas\datos_finales\train_wav\audio_307_clean.wav,itsa-në
c:\Users\joaqu\Escritorio\Joaquim_Juha\Universidad y Estudios\Proyectos\Cosas_Variadas\datos_finales\train_wav\audio_307_aug_0.wav,itsa-në
c:\Users\joaqu\Escritorio\Joaquim_Juha\Universidad y Estudios\Proyectos\Cosas_Variadas\datos_finales\train_wav\audio_307_aug_1.wav,itsa-në
c:\Users\joaqu\Escritorio\Joaquim_Juha\Universidad y Estudios\Proyectos\Cosas_Variadas\datos_finales\train_wav\audio_216_clean.wav,piha-bitsabi
c:\Users\joaqu\Escritorio\Joaquim_Juha\Universidad y Estudios\Proyectos\Cosas_Variadas\datos_finales\train_wav\audio_216_aug_0.wav,piha-bitsabi
c:\Users\joaqu\Escritorio\Joaquim_Juha\Universidad y Estudios\Proyectos\Cosas_Variadas\datos_finales\train_wav\audio_216_aug_1.wav,piha-bitsabi
c:\Users\joaqu\Escritorio\Joaquim_Juha\Universidad y Estudios\Proyectos\Cosas_Variadas\datos_finales\train_wav\audio_328_clean.wav,á-ita-kiri
c:\Users\joaqu\Escritorio\Joaquim_Juha\Universidad y Estudios\Proyectos\Cosas_Variadas\datos_finales\train_wav\audio_328_aug_0.wav,á-ita-kiri
c:\Users\joaqu\Escritorio\Joaquim_Juha\Universidad y Estudios\Proyectos\Cosas_Variadas\datos_finales\train_wav\audio_328_aug_1.wav,á-ita-kiri
c:\Users\joaqu\Escritorio\Joaquim_Juha\Universidad y Estudios\Proyectos\Cosas_Variadas\datos_finales\train_wav\audio_138_clean.wav,du huái-në
c:\Users\joaqu\Escritorio\Joaquim_Juha\Universidad y Estudios\Proyectos\Cosas_Variadas\datos_finales\train_wav\audio_138_aug_0.wav,du huái-në
c:\Users\joaqu\Escritorio\Joaquim_Juha\Universidad y Estudios\Proyectos\Cosas_Variadas\datos_finales\train_wav\audio_138_aug_1.wav,du huái-në
c:\Users\joaqu\Escritorio\Joaquim_Juha\Universidad y Estudios\Proyectos\Cosas_Variadas\datos_finales\train_wav\audio_79_clean.wav,túlima
c:\Users\joaqu\Escritorio\Joaquim_Juha\Universidad y Estudios\Proyectos\Cosas_Variadas\datos_finales\train_wav\audio_79_aug_0.wav,túlima
c:\Users\joaqu\Escritorio\Joaquim_Juha\Universidad y Estudios\Proyectos\Cosas_Variadas\datos_finales\train_wav\audio_79_aug_1.wav,túlima
c:\Users\joaqu\Escritorio\Joaquim_Juha\Universidad y Estudios\Proyectos\Cosas_Variadas\datos_finales\train_wav\audio_304_clean.wav,détsa hóta
c:\Users\joaqu\Escritorio\Joaquim_Juha\Universidad y Estudios\Proyectos\Cosas_Variadas\datos_finales\train_wav\audio_304_aug_0.wav,détsa hóta
c:\Users\joaqu\Escritorio\Joaquim_Juha\Universidad y Estudios\Proyectos\Cosas_Variadas\datos_finales\train_wav\audio_304_aug_1.wav,détsa hóta
c:\Users\joaqu\Escritorio\Joaquim_Juha\Universidad y Estudios\Proyectos\Cosas_Variadas\datos_finales\train_wav\audio_31_clean.wav,pe-péra-bo-to
c:\Users\joaqu\Escritorio\Joaquim_Juha\Universidad y Estudios\Proyectos\Cosas_Variadas\datos_finales\train_wav\audio_31_aug_0.wav,pe-péra-bo-to
c:\Users\joaqu\Escritorio\Joaquim_Juha\Universidad y Estudios\Proyectos\Cosas_Variadas\datos_finales\train_wav\audio_31_aug_1.wav,pe-péra-bo-to
c:\Users\joaqu\Escritorio\Joaquim_Juha\Universidad y Estudios\Proyectos\Cosas_Variadas\datos_finales\train_wav\audio_89_clean.wav,kusiú-pa
c:\Users\joaqu\Escritorio\Joaquim_Juha\Universidad y Estudios\Proyectos\Cosas_Variadas\datos_finales\train_wav\audio_89_aug_0.wav,kusiú-pa
c:\Users\joaqu\Escritorio\Joaquim_Juha\Universidad y Estudios\Proyectos\Cosas_Variadas\datos_finales\train_wav\audio_89_aug_1.wav,kusiú-pa
c:\Users\joaqu\Escritorio\Joaquim_Juha\Universidad y Estudios\Proyectos\Cosas_Variadas\datos_finales\train_wav\audio_311_clean.wav,manúa-mene
c:\Users\joaqu\Escritorio\Joaquim_Juha\Universidad y Estudios\Proyectos\Cosas_Variadas\datos_finales\train_wav\audio_311_aug_0.wav,manúa-mene
c:\Users\joaqu\Escritorio\Joaquim_Juha\Universidad y Estudios\Proyectos\Cosas_Variadas\datos_finales\train_wav\audio_311_aug_1.wav,manúa-mene
c:\Users\joaqu\Escritorio\Joaquim_Juha\Universidad y Estudios\Proyectos\Cosas_Variadas\datos_finales\train_wav\audio_118_clean.wav,íri
c:\Users\joaqu\Escritorio\Joaquim_Juha\Universidad y Estudios\Proyectos\Cosas_Variadas\datos_finales\train_wav\audio_118_aug_0.wav,íri
c:\Users\joaqu\Escritorio\Joaquim_Juha\Universidad y Estudios\Proyectos\Cosas_Variadas\datos_finales\train_wav\audio_118_aug_1.wav,íri
c:\Users\joaqu\Escritorio\Joaquim_Juha\Universidad y Estudios\Proyectos\Cosas_Variadas\datos_finales\train_wav\audio_247_clean.wav,ita-re-rë-bo
c:\Users\joaqu\Escritorio\Joaquim_Juha\Universidad y Estudios\Proyectos\Cosas_Variadas\datos_finales\train_wav\audio_247_aug_0.wav,ita-re-rë-bo
c:\Users\joaqu\Escritorio\Joaquim_Juha\Universidad y Estudios\Proyectos\Cosas_Variadas\datos_finales\train_wav\audio_247_aug_1.wav,ita-re-rë-bo
c:\Users\joaqu\Escritorio\Joaquim_Juha\Universidad y Estudios\Proyectos\Cosas_Variadas\datos_finales\train_wav\audio_229_clean.wav,naxáentsia
c:\Users\joaqu\Escritorio\Joaquim_Juha\Universidad y Estudios\Proyectos\Cosas_Variadas\datos_finales\train_wav\audio_229_aug_0.wav,naxáentsia
c:\Users\joaqu\Escritorio\Joaquim_Juha\Universidad y Estudios\Proyectos\Cosas_Variadas\datos_finales\train_wav\audio_229_aug_1.wav,naxáentsia
c:\Users\joaqu\Escritorio\Joaquim_Juha\Universidad y Estudios\Proyectos\Cosas_Variadas\datos_finales\train_wav\audio_144_clean.wav,váese-to
c:\Users\joaqu\Escritorio\Joaquim_Juha\Universidad y Estudios\Proyectos\Cosas_Variadas\datos_finales\train_wav\audio_144_aug_0.wav,váese-to
c:\Users\joaqu\Escritorio\Joaquim_Juha\Universidad y Estudios\Proyectos\Cosas_Variadas\datos_finales\train_wav\audio_144_aug_1.wav,váese-to
c:\Users\joaqu\Escritorio\Joaquim_Juha\Universidad y Estudios\Proyectos\Cosas_Variadas\datos_finales\train_wav\audio_201_clean.wav,xá-më
c:\Users\joaqu\Escritorio\Joaquim_Juha\Universidad y Estudios\Proyectos\Cosas_Variadas\datos_finales\train_wav\audio_201_aug_0.wav,xá-më
c:\Users\joaqu\Escritorio\Joaquim_Juha\Universidad y Estudios\Proyectos\Cosas_Variadas\datos_finales\train_wav\audio_201_aug_1.wav,xá-më
c:\Users\joaqu\Escritorio\Joaquim_Juha\Universidad y Estudios\Proyectos\Cosas_Variadas\datos_finales\train_wav\audio_276_clean.wav,síne
c:\Users\joaqu\Escritorio\Joaquim_Juha\Universidad y Estudios\Proyectos\Cosas_Variadas\datos_finales\train_wav\audio_276_aug_0.wav,síne
c:\Users\joaqu\Escritorio\Joaquim_Juha\Universidad y Estudios\Proyectos\Cosas_Variadas\datos_finales\train_wav\audio_276_aug_1.wav,síne
c:\Users\joaqu\Escritorio\Joaquim_Juha\Universidad y Estudios\Proyectos\Cosas_Variadas\datos_finales\train_wav\audio_46_clean.wav,pe-nákue-to
c:\Users\joaqu\Escritorio\Joaquim_Juha\Universidad y Estudios\Proyectos\Cosas_Variadas\datos_finales\train_wav\audio_46_aug_0.wav,pe-nákue-to
c:\Users\joaqu\Escritorio\Joaquim_Juha\Universidad y Estudios\Proyectos\Cosas_Variadas\datos_finales\train_wav\audio_46_aug_1.wav,pe-nákue-to
c:\Users\joaqu\Escritorio\Joaquim_Juha\Universidad y Estudios\Proyectos\Cosas_Variadas\datos_finales\train_wav\audio_347_clean.wav,perúhu-hava
c:\Users\joaqu\Escritorio\Joaquim_Juha\Universidad y Estudios\Proyectos\Cosas_Variadas\datos_finales\train_wav\audio_347_aug_0.wav,perúhu-hava
c:\Users\joaqu\Escritorio\Joaquim_Juha\Universidad y Estudios\Proyectos\Cosas_Variadas\datos_finales\train_wav\audio_347_aug_1.wav,perúhu-hava
c:\Users\joaqu\Escritorio\Joaquim_Juha\Universidad y Estudios\Proyectos\Cosas_Variadas\datos_finales\train_wav\audio_69_clean.wav,huru-húru-hai
c:\Users\joaqu\Escritorio\Joaquim_Juha\Universidad y Estudios\Proyectos\Cosas_Variadas\datos_finales\train_wav\audio_69_aug_0.wav,huru-húru-hai
c:\Users\joaqu\Escritorio\Joaquim_Juha\Universidad y Estudios\Proyectos\Cosas_Variadas\datos_finales\train_wav\audio_69_aug_1.wav,huru-húru-hai
c:\Users\joaqu\Escritorio\Joaquim_Juha\Universidad y Estudios\Proyectos\Cosas_Variadas\datos_finales\train_wav\audio_281_clean.wav,tépa
c:\Users\joaqu\Escritorio\Joaquim_Juha\Universidad y Estudios\Proyectos\Cosas_Variadas\datos_finales\train_wav\audio_281_aug_0.wav,tépa
c:\Users\joaqu\Escritorio\Joaquim_Juha\Universidad y Estudios\Proyectos\Cosas_Variadas\datos_finales\train_wav\audio_281_aug_1.wav,tépa
c:\Users\joaqu\Escritorio\Joaquim_Juha\Universidad y Estudios\Proyectos\Cosas_Variadas\datos_finales\train_wav\audio_91_clean.wav,téna-pa
c:\Users\joaqu\Escritorio\Joaquim_Juha\Universidad y Estudios\Proyectos\Cosas_Variadas\datos_finales\train_wav\audio_91_aug_0.wav,téna-pa
c:\Users\joaqu\Escritorio\Joaquim_Juha\Universidad y Estudios\Proyectos\Cosas_Variadas\datos_finales\train_wav\audio_91_aug_1.wav,téna-pa
c:\Users\joaqu\Escritorio\Joaquim_Juha\Universidad y Estudios\Proyectos\Cosas_Variadas\datos_finales\train_wav\audio_203_clean.wav,pó-va
c:\Users\joaqu\Escritorio\Joaquim_Juha\Universidad y Estudios\Proyectos\Cosas_Variadas\datos_finales\train_wav\audio_203_aug_0.wav,pó-va
c:\Users\joaqu\Escritorio\Joaquim_Juha\Universidad y Estudios\Proyectos\Cosas_Variadas\datos_finales\train_wav\audio_203_aug_1.wav,pó-va
c:\Users\joaqu\Escritorio\Joaquim_Juha\Universidad y Estudios\Proyectos\Cosas_Variadas\datos_finales\train_wav\audio_74_clean.wav,tahéta-atsa
c:\Users\joaqu\Escritorio\Joaquim_Juha\Universidad y Estudios\Proyectos\Cosas_Variadas\datos_finales\train_wav\audio_74_aug_0.wav,tahéta-atsa
c:\Users\joaqu\Escritorio\Joaquim_Juha\Universidad y Estudios\Proyectos\Cosas_Variadas\datos_finales\train_wav\audio_74_aug_1.wav,tahéta-atsa
c:\Users\joaqu\Escritorio\Joaquim_Juha\Universidad y Estudios\Proyectos\Cosas_Variadas\datos_finales\train_wav\audio_170_clean.wav,hótsi
c:\Users\joaqu\Escritorio\Joaquim_Juha\Universidad y Estudios\Proyectos\Cosas_Variadas\datos_finales\train_wav\audio_170_aug_0.wav,hótsi
c:\Users\joaqu\Escritorio\Joaquim_Juha\Universidad y Estudios\Proyectos\Cosas_Variadas\datos_finales\train_wav\audio_170_aug_1.wav,hótsi
c:\Users\joaqu\Escritorio\Joaquim_Juha\Universidad y Estudios\Proyectos\Cosas_Variadas\datos_finales\train_wav\audio_13_clean.wav,pe-vë-sí-to
c:\Users\joaqu\Escritorio\Joaquim_Juha\Universidad y Estudios\Proyectos\Cosas_Variadas\datos_finales\train_wav\audio_13_aug_0.wav,pe-vë-sí-to
c:\Users\joaqu\Escritorio\Joaquim_Juha\Universidad y Estudios\Proyectos\Cosas_Variadas\datos_finales\train_wav\audio_13_aug_1.wav,pe-vë-sí-to
c:\Users\joaqu\Escritorio\Joaquim_Juha\Universidad y Estudios\Proyectos\Cosas_Variadas\datos_finales\train_wav\audio_37_clean.wav,pe-tú-hava
c:\Users\joaqu\Escritorio\Joaquim_Juha\Universidad y Estudios\Proyectos\Cosas_Variadas\datos_finales\train_wav\audio_37_aug_0.wav,pe-tú-hava
c:\Users\joaqu\Escritorio\Joaquim_Juha\Universidad y Estudios\Proyectos\Cosas_Variadas\datos_finales\train_wav\audio_37_aug_1.wav,pe-tú-hava
c:\Users\joaqu\Escritorio\Joaquim_Juha\Universidad y Estudios\Proyectos\Cosas_Variadas\datos_finales\train_wav\audio_30_clean.wav,pe-taxu-vë-sí-to
c:\Users\joaqu\Escritorio\Joaquim_Juha\Universidad y Estudios\Proyectos\Cosas_Variadas\datos_finales\train_wav\audio_30_aug_0.wav,pe-taxu-vë-sí-to
c:\Users\joaqu\Escritorio\Joaquim_Juha\Universidad y Estudios\Proyectos\Cosas_Variadas\datos_finales\train_wav\audio_30_aug_1.wav,pe-taxu-vë-sí-to
c:\Users\joaqu\Escritorio\Joaquim_Juha\Universidad y Estudios\Proyectos\Cosas_Variadas\datos_finales\train_wav\audio_182_clean.wav,aniha-háva-behe
c:\Users\joaqu\Escritorio\Joaquim_Juha\Universidad y Estudios\Proyectos\Cosas_Variadas\datos_finales\train_wav\audio_182_aug_0.wav,aniha-háva-behe
c:\Users\joaqu\Escritorio\Joaquim_Juha\Universidad y Estudios\Proyectos\Cosas_Variadas\datos_finales\train_wav\audio_182_aug_1.wav,aniha-háva-behe
c:\Users\joaqu\Escritorio\Joaquim_Juha\Universidad y Estudios\Proyectos\Cosas_Variadas\datos_finales\train_wav\audio_153_clean.wav,pe-báxu-to
c:\Users\joaqu\Escritorio\Joaquim_Juha\Universidad y Estudios\Proyectos\Cosas_Variadas\datos_finales\train_wav\audio_153_aug_0.wav,pe-báxu-to
c:\Users\joaqu\Escritorio\Joaquim_Juha\Universidad y Estudios\Proyectos\Cosas_Variadas\datos_finales\train_wav\audio_153_aug_1.wav,pe-báxu-to
c:\Users\joaqu\Escritorio\Joaquim_Juha\Universidad y Estudios\Proyectos\Cosas_Variadas\datos_finales\train_wav\audio_161_clean.wav,póona
c:\Users\joaqu\Escritorio\Joaquim_Juha\Universidad y Estudios\Proyectos\Cosas_Variadas\datos_finales\train_wav\audio_161_aug_0.wav,póona
c:\Users\joaqu\Escritorio\Joaquim_Juha\Universidad y Estudios\Proyectos\Cosas_Variadas\datos_finales\train_wav\audio_161_aug_1.wav,póona
c:\Users\joaqu\Escritorio\Joaquim_Juha\Universidad y Estudios\Proyectos\Cosas_Variadas\datos_finales\train_wav\audio_239_clean.wav,pí-huma
c:\Users\joaqu\Escritorio\Joaquim_Juha\Universidad y Estudios\Proyectos\Cosas_Variadas\datos_finales\train_wav\audio_239_aug_0.wav,pí-huma
c:\Users\joaqu\Escritorio\Joaquim_Juha\Universidad y Estudios\Proyectos\Cosas_Variadas\datos_finales\train_wav\audio_239_aug_1.wav,pí-huma
c:\Users\joaqu\Escritorio\Joaquim_Juha\Universidad y Estudios\Proyectos\Cosas_Variadas\datos_finales\train_wav\audio_142_clean.wav,mánepa-to
c:\Users\joaqu\Escritorio\Joaquim_Juha\Universidad y Estudios\Proyectos\Cosas_Variadas\datos_finales\train_wav\audio_142_aug_0.wav,mánepa-to
c:\Users\joaqu\Escritorio\Joaquim_Juha\Universidad y Estudios\Proyectos\Cosas_Variadas\datos_finales\train_wav\audio_142_aug_1.wav,mánepa-to
c:\Users\joaqu\Escritorio\Joaquim_Juha\Universidad y Estudios\Proyectos\Cosas_Variadas\datos_finales\train_wav\audio_266_clean.wav,pi-hána
c:\Users\joaqu\Escritorio\Joaquim_Juha\Universidad y Estudios\Proyectos\Cosas_Variadas\datos_finales\train_wav\audio_266_aug_0.wav,pi-hána
c:\Users\joaqu\Escritorio\Joaquim_Juha\Universidad y Estudios\Proyectos\Cosas_Variadas\datos_finales\train_wav\audio_266_aug_1.wav,pi-hána
c:\Users\joaqu\Escritorio\Joaquim_Juha\Universidad y Estudios\Proyectos\Cosas_Variadas\datos_finales\train_wav\audio_54_clean.wav,mene hiréva
c:\Users\joaqu\Escritorio\Joaquim_Juha\Universidad y Estudios\Proyectos\Cosas_Variadas\datos_finales\train_wav\audio_54_aug_0.wav,mene hiréva
c:\Users\joaqu\Escritorio\Joaquim_Juha\Universidad y Estudios\Proyectos\Cosas_Variadas\datos_finales\train_wav\audio_54_aug_1.wav,mene hiréva
c:\Users\joaqu\Escritorio\Joaquim_Juha\Universidad y Estudios\Proyectos\Cosas_Variadas\datos_finales\train_wav\audio_103_clean.wav,hava-sirí-to
c:\Users\joaqu\Escritorio\Joaquim_Juha\Universidad y Estudios\Proyectos\Cosas_Variadas\datos_finales\train_wav\audio_103_aug_0.wav,hava-sirí-to
c:\Users\joaqu\Escritorio\Joaquim_Juha\Universidad y Estudios\Proyectos\Cosas_Variadas\datos_finales\train_wav\audio_103_aug_1.wav,hava-sirí-to
c:\Users\joaqu\Escritorio\Joaquim_Juha\Universidad y Estudios\Proyectos\Cosas_Variadas\datos_finales\train_wav\audio_289_clean.wav,núka
c:\Users\joaqu\Escritorio\Joaquim_Juha\Universidad y Estudios\Proyectos\Cosas_Variadas\datos_finales\train_wav\audio_289_aug_0.wav,núka
c:\Users\joaqu\Escritorio\Joaquim_Juha\Universidad y Estudios\Proyectos\Cosas_Variadas\datos_finales\train_wav\audio_289_aug_1.wav,núka
c:\Users\joaqu\Escritorio\Joaquim_Juha\Universidad y Estudios\Proyectos\Cosas_Variadas\datos_finales\train_wav\audio_191_clean.wav,kopía-ya
c:\Users\joaqu\Escritorio\Joaquim_Juha\Universidad y Estudios\Proyectos\Cosas_Variadas\datos_finales\train_wav\audio_191_aug_0.wav,kopía-ya
c:\Users\joaqu\Escritorio\Joaquim_Juha\Universidad y Estudios\Proyectos\Cosas_Variadas\datos_finales\train_wav\audio_191_aug_1.wav,kopía-ya
c:\Users\joaqu\Escritorio\Joaquim_Juha\Universidad y Estudios\Proyectos\Cosas_Variadas\datos_finales\train_wav\audio_222_clean.wav,a-ké
c:\Users\joaqu\Escritorio\Joaquim_Juha\Universidad y Estudios\Proyectos\Cosas_Variadas\datos_finales\train_wav\audio_222_aug_0.wav,a-ké
c:\Users\joaqu\Escritorio\Joaquim_Juha\Universidad y Estudios\Proyectos\Cosas_Variadas\datos_finales\train_wav\audio_222_aug_1.wav,a-ké
c:\Users\joaqu\Escritorio\Joaquim_Juha\Universidad y Estudios\Proyectos\Cosas_Variadas\datos_finales\train_wav\audio_134_clean.wav,ë-the-bërë
c:\Users\joaqu\Escritorio\Joaquim_Juha\Universidad y Estudios\Proyectos\Cosas_Variadas\datos_finales\train_wav\audio_134_aug_0.wav,ë-the-bërë
c:\Users\joaqu\Escritorio\Joaquim_Juha\Universidad y Estudios\Proyectos\Cosas_Variadas\datos_finales\train_wav\audio_134_aug_1.wav,ë-the-bërë
c:\Users\joaqu\Escritorio\Joaquim_Juha\Universidad y Estudios\Proyectos\Cosas_Variadas\datos_finales\train_wav\audio_43_clean.wav,píha-va
c:\Users\joaqu\Escritorio\Joaquim_Juha\Universidad y Estudios\Proyectos\Cosas_Variadas\datos_finales\train_wav\audio_43_aug_0.wav,píha-va
c:\Users\joaqu\Escritorio\Joaquim_Juha\Universidad y Estudios\Proyectos\Cosas_Variadas\datos_finales\train_wav\audio_43_aug_1.wav,píha-va
c:\Users\joaqu\Escritorio\Joaquim_Juha\Universidad y Estudios\Proyectos\Cosas_Variadas\datos_finales\train_wav\audio_96_clean.wav,sirípi-bo
c:\Users\joaqu\Escritorio\Joaquim_Juha\Universidad y Estudios\Proyectos\Cosas_Variadas\datos_finales\train_wav\audio_96_aug_0.wav,sirípi-bo
c:\Users\joaqu\Escritorio\Joaquim_Juha\Universidad y Estudios\Proyectos\Cosas_Variadas\datos_finales\train_wav\audio_96_aug_1.wav,sirípi-bo
c:\Users\joaqu\Escritorio\Joaquim_Juha\Universidad y Estudios\Proyectos\Cosas_Variadas\datos_finales\train_wav\audio_359_clean.wav,ya-hína
c:\Users\joaqu\Escritorio\Joaquim_Juha\Universidad y Estudios\Proyectos\Cosas_Variadas\datos_finales\train_wav\audio_359_aug_0.wav,ya-hína
c:\Users\joaqu\Escritorio\Joaquim_Juha\Universidad y Estudios\Proyectos\Cosas_Variadas\datos_finales\train_wav\audio_359_aug_1.wav,ya-hína
c:\Users\joaqu\Escritorio\Joaquim_Juha\Universidad y Estudios\Proyectos\Cosas_Variadas\datos_finales\train_wav\audio_224_clean.wav,pe-xanía-hava
c:\Users\joaqu\Escritorio\Joaquim_Juha\Universidad y Estudios\Proyectos\Cosas_Variadas\datos_finales\train_wav\audio_224_aug_0.wav,pe-xanía-hava
c:\Users\joaqu\Escritorio\Joaquim_Juha\Universidad y Estudios\Proyectos\Cosas_Variadas\datos_finales\train_wav\audio_224_aug_1.wav,pe-xanía-hava
c:\Users\joaqu\Escritorio\Joaquim_Juha\Universidad y Estudios\Proyectos\Cosas_Variadas\datos_finales\train_wav\audio_147_clean.wav,hómo-bë-to
c:\Users\joaqu\Escritorio\Joaquim_Juha\Universidad y Estudios\Proyectos\Cosas_Variadas\datos_finales\train_wav\audio_147_aug_0.wav,hómo-bë-to
c:\Users\joaqu\Escritorio\Joaquim_Juha\Universidad y Estudios\Proyectos\Cosas_Variadas\datos_finales\train_wav\audio_147_aug_1.wav,hómo-bë-to
c:\Users\joaqu\Escritorio\Joaquim_Juha\Universidad y Estudios\Proyectos\Cosas_Variadas\datos_finales\train_wav\audio_28_clean.wav,pe-sí-huma-pa
c:\Users\joaqu\Escritorio\Joaquim_Juha\Universidad y Estudios\Proyectos\Cosas_Variadas\datos_finales\train_wav\audio_28_aug_0.wav,pe-sí-huma-pa
c:\Users\joaqu\Escritorio\Joaquim_Juha\Universidad y Estudios\Proyectos\Cosas_Variadas\datos_finales\train_wav\audio_28_aug_1.wav,pe-sí-huma-pa
c:\Users\joaqu\Escritorio\Joaquim_Juha\Universidad y Estudios\Proyectos\Cosas_Variadas\datos_finales\train_wav\audio_368_clean.wav,xaina
c:\Users\joaqu\Escritorio\Joaquim_Juha\Universidad y Estudios\Proyectos\Cosas_Variadas\datos_finales\train_wav\audio_368_aug_0.wav,xaina
c:\Users\joaqu\Escritorio\Joaquim_Juha\Universidad y Estudios\Proyectos\Cosas_Variadas\datos_finales\train_wav\audio_368_aug_1.wav,xaina
c:\Users\joaqu\Escritorio\Joaquim_Juha\Universidad y Estudios\Proyectos\Cosas_Variadas\datos_finales\train_wav\audio_152_clean.wav,náe-hava
c:\Users\joaqu\Escritorio\Joaquim_Juha\Universidad y Estudios\Proyectos\Cosas_Variadas\datos_finales\train_wav\audio_152_aug_0.wav,náe-hava
c:\Users\joaqu\Escritorio\Joaquim_Juha\Universidad y Estudios\Proyectos\Cosas_Variadas\datos_finales\train_wav\audio_152_aug_1.wav,náe-hava
c:\Users\joaqu\Escritorio\Joaquim_Juha\Universidad y Estudios\Proyectos\Cosas_Variadas\datos_finales\train_wav\audio_312_clean.wav,sukuéna
c:\Users\joaqu\Escritorio\Joaquim_Juha\Universidad y Estudios\Proyectos\Cosas_Variadas\datos_finales\train_wav\audio_312_aug_0.wav,sukuéna
c:\Users\joaqu\Escritorio\Joaquim_Juha\Universidad y Estudios\Proyectos\Cosas_Variadas\datos_finales\train_wav\audio_312_aug_1.wav,sukuéna
c:\Users\joaqu\Escritorio\Joaquim_Juha\Universidad y Estudios\Proyectos\Cosas_Variadas\datos_finales\train_wav\audio_5_clean.wav,pe-púmu
c:\Users\joaqu\Escritorio\Joaquim_Juha\Universidad y Estudios\Proyectos\Cosas_Variadas\datos_finales\train_wav\audio_5_aug_0.wav,pe-púmu
c:\Users\joaqu\Escritorio\Joaquim_Juha\Universidad y Estudios\Proyectos\Cosas_Variadas\datos_finales\train_wav\audio_5_aug_1.wav,pe-púmu
c:\Users\joaqu\Escritorio\Joaquim_Juha\Universidad y Estudios\Proyectos\Cosas_Variadas\datos_finales\train_wav\audio_1_clean.wav,pe-e-bár'ë-to
c:\Users\joaqu\Escritorio\Joaquim_Juha\Universidad y Estudios\Proyectos\Cosas_Variadas\datos_finales\train_wav\audio_1_aug_0.wav,pe-e-bár'ë-to
c:\Users\joaqu\Escritorio\Joaquim_Juha\Universidad y Estudios\Proyectos\Cosas_Variadas\datos_finales\train_wav\audio_1_aug_1.wav,pe-e-bár'ë-to
c:\Users\joaqu\Escritorio\Joaquim_Juha\Universidad y Estudios\Proyectos\Cosas_Variadas\datos_finales\train_wav\audio_353_clean.wav,vokóba
c:\Users\joaqu\Escritorio\Joaquim_Juha\Universidad y Estudios\Proyectos\Cosas_Variadas\datos_finales\train_wav\audio_353_aug_0.wav,vokóba
c:\Users\joaqu\Escritorio\Joaquim_Juha\Universidad y Estudios\Proyectos\Cosas_Variadas\datos_finales\train_wav\audio_353_aug_1.wav,vokóba
c:\Users\joaqu\Escritorio\Joaquim_Juha\Universidad y Estudios\Proyectos\Cosas_Variadas\datos_finales\train_wav\audio_322_clean.wav,ta
c:\Users\joaqu\Escritorio\Joaquim_Juha\Universidad y Estudios\Proyectos\Cosas_Variadas\datos_finales\train_wav\audio_322_aug_0.wav,ta
c:\Users\joaqu\Escritorio\Joaquim_Juha\Universidad y Estudios\Proyectos\Cosas_Variadas\datos_finales\train_wav\audio_322_aug_1.wav,ta
c:\Users\joaqu\Escritorio\Joaquim_Juha\Universidad y Estudios\Proyectos\Cosas_Variadas\datos_finales\train_wav\audio_343_clean.wav,rovία
c:\Users\joaqu\Escritorio\Joaquim_Juha\Universidad y Estudios\Proyectos\Cosas_Variadas\datos_finales\train_wav\audio_343_aug_0.wav,rovία
c:\Users\joaqu\Escritorio\Joaquim_Juha\Universidad y Estudios\Proyectos\Cosas_Variadas\datos_finales\train_wav\audio_343_aug_1.wav,rovία
c:\Users\joaqu\Escritorio\Joaquim_Juha\Universidad y Estudios\Proyectos\Cosas_Variadas\datos_finales\train_wav\audio_109_clean.wav,tsó-në
c:\Users\joaqu\Escritorio\Joaquim_Juha\Universidad y Estudios\Proyectos\Cosas_Variadas\datos_finales\train_wav\audio_109_aug_0.wav,tsó-në
c:\Users\joaqu\Escritorio\Joaquim_Juha\Universidad y Estudios\Proyectos\Cosas_Variadas\datos_finales\train_wav\audio_109_aug_1.wav,tsó-në
c:\Users\joaqu\Escritorio\Joaquim_Juha\Universidad y Estudios\Proyectos\Cosas_Variadas\datos_finales\train_wav\audio_244_clean.wav,pe-kóto-to
c:\Users\joaqu\Escritorio\Joaquim_Juha\Universidad y Estudios\Proyectos\Cosas_Variadas\datos_finales\train_wav\audio_244_aug_0.wav,pe-kóto-to
c:\Users\joaqu\Escritorio\Joaquim_Juha\Universidad y Estudios\Proyectos\Cosas_Variadas\datos_finales\train_wav\audio_244_aug_1.wav,pe-kóto-to
c:\Users\joaqu\Escritorio\Joaquim_Juha\Universidad y Estudios\Proyectos\Cosas_Variadas\datos_finales\train_wav\audio_210_clean.wav,pe-kóbe
c:\Users\joaqu\Escritorio\Joaquim_Juha\Universidad y Estudios\Proyectos\Cosas_Variadas\datos_finales\train_wav\audio_210_aug_0.wav,pe-kóbe
c:\Users\joaqu\Escritorio\Joaquim_Juha\Universidad y Estudios\Proyectos\Cosas_Variadas\datos_finales\train_wav\audio_210_aug_1.wav,pe-kóbe
c:\Users\joaqu\Escritorio\Joaquim_Juha\Universidad y Estudios\Proyectos\Cosas_Variadas\datos_finales\train_wav\audio_323_clean.wav,ítsa
c:\Users\joaqu\Escritorio\Joaquim_Juha\Universidad y Estudios\Proyectos\Cosas_Variadas\datos_finales\train_wav\audio_323_aug_0.wav,ítsa
c:\Users\joaqu\Escritorio\Joaquim_Juha\Universidad y Estudios\Proyectos\Cosas_Variadas\datos_finales\train_wav\audio_323_aug_1.wav,ítsa
c:\Users\joaqu\Escritorio\Joaquim_Juha\Universidad y Estudios\Proyectos\Cosas_Variadas\datos_finales\train_wav\audio_236_clean.wav,a-mata-na-pia
c:\Users\joaqu\Escritorio\Joaquim_Juha\Universidad y Estudios\Proyectos\Cosas_Variadas\datos_finales\train_wav\audio_236_aug_0.wav,a-mata-na-pia
c:\Users\joaqu\Escritorio\Joaquim_Juha\Universidad y Estudios\Proyectos\Cosas_Variadas\datos_finales\train_wav\audio_236_aug_1.wav,a-mata-na-pia
c:\Users\joaqu\Escritorio\Joaquim_Juha\Universidad y Estudios\Proyectos\Cosas_Variadas\datos_finales\train_wav\audio_231_clean.wav,apáe-ma
c:\Users\joaqu\Escritorio\Joaquim_Juha\Universidad y Estudios\Proyectos\Cosas_Variadas\datos_finales\train_wav\audio_231_aug_0.wav,apáe-ma
c:\Users\joaqu\Escritorio\Joaquim_Juha\Universidad y Estudios\Proyectos\Cosas_Variadas\datos_finales\train_wav\audio_231_aug_1.wav,apáe-ma
c:\Users\joaqu\Escritorio\Joaquim_Juha\Universidad y Estudios\Proyectos\Cosas_Variadas\datos_finales\train_wav\audio_113_clean.wav,íkuli
c:\Users\joaqu\Escritorio\Joaquim_Juha\Universidad y Estudios\Proyectos\Cosas_Variadas\datos_finales\train_wav\audio_113_aug_0.wav,íkuli
c:\Users\joaqu\Escritorio\Joaquim_Juha\Universidad y Estudios\Proyectos\Cosas_Variadas\datos_finales\train_wav\audio_113_aug_1.wav,íkuli
c:\Users\joaqu\Escritorio\Joaquim_Juha\Universidad y Estudios\Proyectos\Cosas_Variadas\datos_finales\train_wav\audio_183_clean.wav,akúeyabi
c:\Users\joaqu\Escritorio\Joaquim_Juha\Universidad y Estudios\Proyectos\Cosas_Variadas\datos_finales\train_wav\audio_183_aug_0.wav,akúeyabi
c:\Users\joaqu\Escritorio\Joaquim_Juha\Universidad y Estudios\Proyectos\Cosas_Variadas\datos_finales\train_wav\audio_183_aug_1.wav,akúeyabi
c:\Users\joaqu\Escritorio\Joaquim_Juha\Universidad y Estudios\Proyectos\Cosas_Variadas\datos_finales\train_wav\audio_107_clean.wav,kuvéri
c:\Users\joaqu\Escritorio\Joaquim_Juha\Universidad y Estudios\Proyectos\Cosas_Variadas\datos_finales\train_wav\audio_107_aug_0.wav,kuvéri
c:\Users\joaqu\Escritorio\Joaquim_Juha\Universidad y Estudios\Proyectos\Cosas_Variadas\datos_finales\train_wav\audio_107_aug_1.wav,kuvéri
c:\Users\joaqu\Escritorio\Joaquim_Juha\Universidad y Estudios\Proyectos\Cosas_Variadas\datos_finales\train_wav\audio_38_clean.wav,pébi
c:\Users\joaqu\Escritorio\Joaquim_Juha\Universidad y Estudios\Proyectos\Cosas_Variadas\datos_finales\train_wav\audio_38_aug_0.wav,pébi
c:\Users\joaqu\Escritorio\Joaquim_Juha\Universidad y Estudios\Proyectos\Cosas_Variadas\datos_finales\train_wav\audio_38_aug_1.wav,pébi
c:\Users\joaqu\Escritorio\Joaquim_Juha\Universidad y Estudios\Proyectos\Cosas_Variadas\datos_finales\train_wav\audio_233_clean.wav,pe-mata-tsére-pa
c:\Users\joaqu\Escritorio\Joaquim_Juha\Universidad y Estudios\Proyectos\Cosas_Variadas\datos_finales\train_wav\audio_233_aug_0.wav,pe-mata-tsére-pa
c:\Users\joaqu\Escritorio\Joaquim_Juha\Universidad y Estudios\Proyectos\Cosas_Variadas\datos_finales\train_wav\audio_233_aug_1.wav,pe-mata-tsére-pa
c:\Users\joaqu\Escritorio\Joaquim_Juha\Universidad y Estudios\Proyectos\Cosas_Variadas\datos_finales\train_wav\audio_65_clean.wav,huáme-to
c:\Users\joaqu\Escritorio\Joaquim_Juha\Universidad y Estudios\Proyectos\Cosas_Variadas\datos_finales\train_wav\audio_65_aug_0.wav,huáme-to
c:\Users\joaqu\Escritorio\Joaquim_Juha\Universidad y Estudios\Proyectos\Cosas_Variadas\datos_finales\train_wav\audio_65_aug_1.wav,huáme-to
c:\Users\joaqu\Escritorio\Joaquim_Juha\Universidad y Estudios\Proyectos\Cosas_Variadas\datos_finales\train_wav\audio_49_clean.wav,méne
c:\Users\joaqu\Escritorio\Joaquim_Juha\Universidad y Estudios\Proyectos\Cosas_Variadas\datos_finales\train_wav\audio_49_aug_0.wav,méne
c:\Users\joaqu\Escritorio\Joaquim_Juha\Universidad y Estudios\Proyectos\Cosas_Variadas\datos_finales\train_wav\audio_49_aug_1.wav,méne
c:\Users\joaqu\Escritorio\Joaquim_Juha\Universidad y Estudios\Proyectos\Cosas_Variadas\datos_finales\train_wav\audio_34_clean.wav,pi-humata-bë-ëthé-to
c:\Users\joaqu\Escritorio\Joaquim_Juha\Universidad y Estudios\Proyectos\Cosas_Variadas\datos_finales\train_wav\audio_34_aug_0.wav,pi-humata-bë-ëthé-to
c:\Users\joaqu\Escritorio\Joaquim_Juha\Universidad y Estudios\Proyectos\Cosas_Variadas\datos_finales\train_wav\audio_34_aug_1.wav,pi-humata-bë-ëthé-to
c:\Users\joaqu\Escritorio\Joaquim_Juha\Universidad y Estudios\Proyectos\Cosas_Variadas\datos_finales\train_wav\audio_218_clean.wav,pa-niha-bitsábi
c:\Users\joaqu\Escritorio\Joaquim_Juha\Universidad y Estudios\Proyectos\Cosas_Variadas\datos_finales\train_wav\audio_218_aug_0.wav,pa-niha-bitsábi
c:\Users\joaqu\Escritorio\Joaquim_Juha\Universidad y Estudios\Proyectos\Cosas_Variadas\datos_finales\train_wav\audio_218_aug_1.wav,pa-niha-bitsábi
c:\Users\joaqu\Escritorio\Joaquim_Juha\Universidad y Estudios\Proyectos\Cosas_Variadas\datos_finales\train_wav\audio_337_clean.wav,a-réve
c:\Users\joaqu\Escritorio\Joaquim_Juha\Universidad y Estudios\Proyectos\Cosas_Variadas\datos_finales\train_wav\audio_337_aug_0.wav,a-réve
c:\Users\joaqu\Escritorio\Joaquim_Juha\Universidad y Estudios\Proyectos\Cosas_Variadas\datos_finales\train_wav\audio_337_aug_1.wav,a-réve
c:\Users\joaqu\Escritorio\Joaquim_Juha\Universidad y Estudios\Proyectos\Cosas_Variadas\datos_finales\train_wav\audio_29_clean.wav,pe-táxu
c:\Users\joaqu\Escritorio\Joaquim_Juha\Universidad y Estudios\Proyectos\Cosas_Variadas\datos_finales\train_wav\audio_29_aug_0.wav,pe-táxu
c:\Users\joaqu\Escritorio\Joaquim_Juha\Universidad y Estudios\Proyectos\Cosas_Variadas\datos_finales\train_wav\audio_29_aug_1.wav,pe-táxu
c:\Users\joaqu\Escritorio\Joaquim_Juha\Universidad y Estudios\Proyectos\Cosas_Variadas\datos_finales\train_wav\audio_296_clean.wav,pe-vayanae-hava
c:\Users\joaqu\Escritorio\Joaquim_Juha\Universidad y Estudios\Proyectos\Cosas_Variadas\datos_finales\train_wav\audio_296_aug_0.wav,pe-vayanae-hava
c:\Users\joaqu\Escritorio\Joaquim_Juha\Universidad y Estudios\Proyectos\Cosas_Variadas\datos_finales\train_wav\audio_296_aug_1.wav,pe-vayanae-hava
c:\Users\joaqu\Escritorio\Joaquim_Juha\Universidad y Estudios\Proyectos\Cosas_Variadas\datos_finales\train_wav\audio_248_clean.wav,ita-ré-rë-bo
c:\Users\joaqu\Escritorio\Joaquim_Juha\Universidad y Estudios\Proyectos\Cosas_Variadas\datos_finales\train_wav\audio_248_aug_0.wav,ita-ré-rë-bo
c:\Users\joaqu\Escritorio\Joaquim_Juha\Universidad y Estudios\Proyectos\Cosas_Variadas\datos_finales\train_wav\audio_248_aug_1.wav,ita-ré-rë-bo
c:\Users\joaqu\Escritorio\Joaquim_Juha\Universidad y Estudios\Proyectos\Cosas_Variadas\datos_finales\train_wav\audio_280_clean.wav,mahíta
c:\Users\joaqu\Escritorio\Joaquim_Juha\Universidad y Estudios\Proyectos\Cosas_Variadas\datos_finales\train_wav\audio_280_aug_0.wav,mahíta
c:\Users\joaqu\Escritorio\Joaquim_Juha\Universidad y Estudios\Proyectos\Cosas_Variadas\datos_finales\train_wav\audio_280_aug_1.wav,mahíta
c:\Users\joaqu\Escritorio\Joaquim_Juha\Universidad y Estudios\Proyectos\Cosas_Variadas\datos_finales\train_wav\audio_174_clean.wav,balátuna
c:\Users\joaqu\Escritorio\Joaquim_Juha\Universidad y Estudios\Proyectos\Cosas_Variadas\datos_finales\train_wav\audio_174_aug_0.wav,balátuna
c:\Users\joaqu\Escritorio\Joaquim_Juha\Universidad y Estudios\Proyectos\Cosas_Variadas\datos_finales\train_wav\audio_174_aug_1.wav,balátuna
c:\Users\joaqu\Escritorio\Joaquim_Juha\Universidad y Estudios\Proyectos\Cosas_Variadas\datos_finales\train_wav\audio_321_clean.wav,ta
c:\Users\joaqu\Escritorio\Joaquim_Juha\Universidad y Estudios\Proyectos\Cosas_Variadas\datos_finales\train_wav\audio_321_aug_0.wav,ta
c:\Users\joaqu\Escritorio\Joaquim_Juha\Universidad y Estudios\Proyectos\Cosas_Variadas\datos_finales\train_wav\audio_321_aug_1.wav,ta
c:\Users\joaqu\Escritorio\Joaquim_Juha\Universidad y Estudios\Proyectos\Cosas_Variadas\datos_finales\train_wav\audio_149_clean.wav,únu
c:\Users\joaqu\Escritorio\Joaquim_Juha\Universidad y Estudios\Proyectos\Cosas_Variadas\datos_finales\train_wav\audio_149_aug_0.wav,únu
c:\Users\joaqu\Escritorio\Joaquim_Juha\Universidad y Estudios\Proyectos\Cosas_Variadas\datos_finales\train_wav\audio_149_aug_1.wav,únu
c:\Users\joaqu\Escritorio\Joaquim_Juha\Universidad y Estudios\Proyectos\Cosas_Variadas\datos_finales\train_wav\audio_66_clean.wav,ivinái-to
c:\Users\joaqu\Escritorio\Joaquim_Juha\Universidad y Estudios\Proyectos\Cosas_Variadas\datos_finales\train_wav\audio_66_aug_0.wav,ivinái-to
c:\Users\joaqu\Escritorio\Joaquim_Juha\Universidad y Estudios\Proyectos\Cosas_Variadas\datos_finales\train_wav\audio_66_aug_1.wav,ivinái-to
c:\Users\joaqu\Escritorio\Joaquim_Juha\Universidad y Estudios\Proyectos\Cosas_Variadas\datos_finales\train_wav\audio_146_clean.wav,amái-to
c:\Users\joaqu\Escritorio\Joaquim_Juha\Universidad y Estudios\Proyectos\Cosas_Variadas\datos_finales\train_wav\audio_146_aug_0.wav,amái-to
c:\Users\joaqu\Escritorio\Joaquim_Juha\Universidad y Estudios\Proyectos\Cosas_Variadas\datos_finales\train_wav\audio_146_aug_1.wav,amái-to
c:\Users\joaqu\Escritorio\Joaquim_Juha\Universidad y Estudios\Proyectos\Cosas_Variadas\datos_finales\train_wav\audio_139_clean.wav,kovára-bo
c:\Users\joaqu\Escritorio\Joaquim_Juha\Universidad y Estudios\Proyectos\Cosas_Variadas\datos_finales\train_wav\audio_139_aug_0.wav,kovára-bo
c:\Users\joaqu\Escritorio\Joaquim_Juha\Universidad y Estudios\Proyectos\Cosas_Variadas\datos_finales\train_wav\audio_139_aug_1.wav,kovára-bo
c:\Users\joaqu\Escritorio\Joaquim_Juha\Universidad y Estudios\Proyectos\Cosas_Variadas\datos_finales\train_wav\audio_9_clean.wav,p-ita-pa-thái-to
c:\Users\joaqu\Escritorio\Joaquim_Juha\Universidad y Estudios\Proyectos\Cosas_Variadas\datos_finales\train_wav\audio_9_aug_0.wav,p-ita-pa-thái-to
c:\Users\joaqu\Escritorio\Joaquim_Juha\Universidad y Estudios\Proyectos\Cosas_Variadas\datos_finales\train_wav\audio_9_aug_1.wav,p-ita-pa-thái-to
c:\Users\joaqu\Escritorio\Joaquim_Juha\Universidad y Estudios\Proyectos\Cosas_Variadas\datos_finales\train_wav\audio_68_clean.wav,merávi
c:\Users\joaqu\Escritorio\Joaquim_Juha\Universidad y Estudios\Proyectos\Cosas_Variadas\datos_finales\train_wav\audio_68_aug_0.wav,merávi
c:\Users\joaqu\Escritorio\Joaquim_Juha\Universidad y Estudios\Proyectos\Cosas_Variadas\datos_finales\train_wav\audio_68_aug_1.wav,merávi
c:\Users\joaqu\Escritorio\Joaquim_Juha\Universidad y Estudios\Proyectos\Cosas_Variadas\datos_finales\train_wav\audio_15_clean.wav,pe-mí-pa-to
c:\Users\joaqu\Escritorio\Joaquim_Juha\Universidad y Estudios\Proyectos\Cosas_Variadas\datos_finales\train_wav\audio_15_aug_0.wav,pe-mí-pa-to
c:\Users\joaqu\Escritorio\Joaquim_Juha\Universidad y Estudios\Proyectos\Cosas_Variadas\datos_finales\train_wav\audio_15_aug_1.wav,pe-mí-pa-to
c:\Users\joaqu\Escritorio\Joaquim_Juha\Universidad y Estudios\Proyectos\Cosas_Variadas\datos_finales\train_wav\audio_167_clean.wav,dére-bë
c:\Users\joaqu\Escritorio\Joaquim_Juha\Universidad y Estudios\Proyectos\Cosas_Variadas\datos_finales\train_wav\audio_167_aug_0.wav,dére-bë
c:\Users\joaqu\Escritorio\Joaquim_Juha\Universidad y Estudios\Proyectos\Cosas_Variadas\datos_finales\train_wav\audio_167_aug_1.wav,dére-bë
c:\Users\joaqu\Escritorio\Joaquim_Juha\Universidad y Estudios\Proyectos\Cosas_Variadas\datos_finales\train_wav\audio_42_clean.wav,p-amóna
c:\Users\joaqu\Escritorio\Joaquim_Juha\Universidad y Estudios\Proyectos\Cosas_Variadas\datos_finales\train_wav\audio_42_aug_0.wav,p-amóna
c:\Users\joaqu\Escritorio\Joaquim_Juha\Universidad y Estudios\Proyectos\Cosas_Variadas\datos_finales\train_wav\audio_42_aug_1.wav,p-amóna
c:\Users\joaqu\Escritorio\Joaquim_Juha\Universidad y Estudios\Proyectos\Cosas_Variadas\datos_finales\train_wav\audio_346_clean.wav,pe-kuahu
c:\Users\joaqu\Escritorio\Joaquim_Juha\Universidad y Estudios\Proyectos\Cosas_Variadas\datos_finales\train_wav\audio_346_aug_0.wav,pe-kuahu
c:\Users\joaqu\Escritorio\Joaquim_Juha\Universidad y Estudios\Proyectos\Cosas_Variadas\datos_finales\train_wav\audio_346_aug_1.wav,pe-kuahu
c:\Users\joaqu\Escritorio\Joaquim_Juha\Universidad y Estudios\Proyectos\Cosas_Variadas\datos_finales\train_wav\audio_305_clean.wav,ma-hó-ta-he
c:\Users\joaqu\Escritorio\Joaquim_Juha\Universidad y Estudios\Proyectos\Cosas_Variadas\datos_finales\train_wav\audio_305_aug_0.wav,ma-hó-ta-he
c:\Users\joaqu\Escritorio\Joaquim_Juha\Universidad y Estudios\Proyectos\Cosas_Variadas\datos_finales\train_wav\audio_305_aug_1.wav,ma-hó-ta-he
c:\Users\joaqu\Escritorio\Joaquim_Juha\Universidad y Estudios\Proyectos\Cosas_Variadas\datos_finales\train_wav\audio_234_clean.wav,pe-vóno-kopia
c:\Users\joaqu\Escritorio\Joaquim_Juha\Universidad y Estudios\Proyectos\Cosas_Variadas\datos_finales\train_wav\audio_234_aug_0.wav,pe-vóno-kopia
c:\Users\joaqu\Escritorio\Joaquim_Juha\Universidad y Estudios\Proyectos\Cosas_Variadas\datos_finales\train_wav\audio_234_aug_1.wav,pe-vóno-kopia
c:\Users\joaqu\Escritorio\Joaquim_Juha\Universidad y Estudios\Proyectos\Cosas_Variadas\datos_finales\train_wav\audio_329_clean.wav,ikúta
c:\Users\joaqu\Escritorio\Joaquim_Juha\Universidad y Estudios\Proyectos\Cosas_Variadas\datos_finales\train_wav\audio_329_aug_0.wav,ikúta
c:\Users\joaqu\Escritorio\Joaquim_Juha\Universidad y Estudios\Proyectos\Cosas_Variadas\datos_finales\train_wav\audio_329_aug_1.wav,ikúta
c:\Users\joaqu\Escritorio\Joaquim_Juha\Universidad y Estudios\Proyectos\Cosas_Variadas\datos_finales\train_wav\audio_255_clean.wav,bo-bérë-to
c:\Users\joaqu\Escritorio\Joaquim_Juha\Universidad y Estudios\Proyectos\Cosas_Variadas\datos_finales\train_wav\audio_255_aug_0.wav,bo-bérë-to
c:\Users\joaqu\Escritorio\Joaquim_Juha\Universidad y Estudios\Proyectos\Cosas_Variadas\datos_finales\train_wav\audio_255_aug_1.wav,bo-bérë-to
c:\Users\joaqu\Escritorio\Joaquim_Juha\Universidad y Estudios\Proyectos\Cosas_Variadas\datos_finales\train_wav\audio_225_clean.wav,a-béhe
c:\Users\joaqu\Escritorio\Joaquim_Juha\Universidad y Estudios\Proyectos\Cosas_Variadas\datos_finales\train_wav\audio_225_aug_0.wav,a-béhe
c:\Users\joaqu\Escritorio\Joaquim_Juha\Universidad y Estudios\Proyectos\Cosas_Variadas\datos_finales\train_wav\audio_225_aug_1.wav,a-béhe
c:\Users\joaqu\Escritorio\Joaquim_Juha\Universidad y Estudios\Proyectos\Cosas_Variadas\datos_finales\train_wav\audio_230_clean.wav,xáe-ma
c:\Users\joaqu\Escritorio\Joaquim_Juha\Universidad y Estudios\Proyectos\Cosas_Variadas\datos_finales\train_wav\audio_230_aug_0.wav,xáe-ma
c:\Users\joaqu\Escritorio\Joaquim_Juha\Universidad y Estudios\Proyectos\Cosas_Variadas\datos_finales\train_wav\audio_230_aug_1.wav,xáe-ma
c:\Users\joaqu\Escritorio\Joaquim_Juha\Universidad y Estudios\Proyectos\Cosas_Variadas\datos_finales\train_wav\audio_344_clean.wav,rovía
c:\Users\joaqu\Escritorio\Joaquim_Juha\Universidad y Estudios\Proyectos\Cosas_Variadas\datos_finales\train_wav\audio_344_aug_0.wav,rovía
c:\Users\joaqu\Escritorio\Joaquim_Juha\Universidad y Estudios\Proyectos\Cosas_Variadas\datos_finales\train_wav\audio_344_aug_1.wav,rovía
c:\Users\joaqu\Escritorio\Joaquim_Juha\Universidad y Estudios\Proyectos\Cosas_Variadas\datos_finales\train_wav\audio_271_clean.wav,pe-kopía-boko-to
c:\Users\joaqu\Escritorio\Joaquim_Juha\Universidad y Estudios\Proyectos\Cosas_Variadas\datos_finales\train_wav\audio_271_aug_0.wav,pe-kopía-boko-to
c:\Users\joaqu\Escritorio\Joaquim_Juha\Universidad y Estudios\Proyectos\Cosas_Variadas\datos_finales\train_wav\audio_271_aug_1.wav,pe-kopía-boko-to
c:\Users\joaqu\Escritorio\Joaquim_Juha\Universidad y Estudios\Proyectos\Cosas_Variadas\datos_finales\train_wav\audio_366_clean.wav,ku-húnava
c:\Users\joaqu\Escritorio\Joaquim_Juha\Universidad y Estudios\Proyectos\Cosas_Variadas\datos_finales\train_wav\audio_366_aug_0.wav,ku-húnava
c:\Users\joaqu\Escritorio\Joaquim_Juha\Universidad y Estudios\Proyectos\Cosas_Variadas\datos_finales\train_wav\audio_366_aug_1.wav,ku-húnava
c:\Users\joaqu\Escritorio\Joaquim_Juha\Universidad y Estudios\Proyectos\Cosas_Variadas\datos_finales\train_wav\audio_345_clean.wav,pe-tsáveno
c:\Users\joaqu\Escritorio\Joaquim_Juha\Universidad y Estudios\Proyectos\Cosas_Variadas\datos_finales\train_wav\audio_345_aug_0.wav,pe-tsáveno
c:\Users\joaqu\Escritorio\Joaquim_Juha\Universidad y Estudios\Proyectos\Cosas_Variadas\datos_finales\train_wav\audio_345_aug_1.wav,pe-tsáveno
c:\Users\joaqu\Escritorio\Joaquim_Juha\Universidad y Estudios\Proyectos\Cosas_Variadas\datos_finales\train_wav\audio_290_clean.wav,ráhuta
c:\Users\joaqu\Escritorio\Joaquim_Juha\Universidad y Estudios\Proyectos\Cosas_Variadas\datos_finales\train_wav\audio_290_aug_0.wav,ráhuta
c:\Users\joaqu\Escritorio\Joaquim_Juha\Universidad y Estudios\Proyectos\Cosas_Variadas\datos_finales\train_wav\audio_290_aug_1.wav,ráhuta
c:\Users\joaqu\Escritorio\Joaquim_Juha\Universidad y Estudios\Proyectos\Cosas_Variadas\datos_finales\train_wav\audio_219_clean.wav,piha-bitsábi
c:\Users\joaqu\Escritorio\Joaquim_Juha\Universidad y Estudios\Proyectos\Cosas_Variadas\datos_finales\train_wav\audio_219_aug_0.wav,piha-bitsábi
c:\Users\joaqu\Escritorio\Joaquim_Juha\Universidad y Estudios\Proyectos\Cosas_Variadas\datos_finales\train_wav\audio_219_aug_1.wav,piha-bitsábi
c:\Users\joaqu\Escritorio\Joaquim_Juha\Universidad y Estudios\Proyectos\Cosas_Variadas\datos_finales\train_wav\audio_173_clean.wav,kápi
c:\Users\joaqu\Escritorio\Joaquim_Juha\Universidad y Estudios\Proyectos\Cosas_Variadas\datos_finales\train_wav\audio_173_aug_0.wav,kápi
c:\Users\joaqu\Escritorio\Joaquim_Juha\Universidad y Estudios\Proyectos\Cosas_Variadas\datos_finales\train_wav\audio_173_aug_1.wav,kápi
c:\Users\joaqu\Escritorio\Joaquim_Juha\Universidad y Estudios\Proyectos\Cosas_Variadas\datos_finales\train_wav\audio_45_clean.wav,péna
c:\Users\joaqu\Escritorio\Joaquim_Juha\Universidad y Estudios\Proyectos\Cosas_Variadas\datos_finales\train_wav\audio_45_aug_0.wav,péna
c:\Users\joaqu\Escritorio\Joaquim_Juha\Universidad y Estudios\Proyectos\Cosas_Variadas\datos_finales\train_wav\audio_45_aug_1.wav,péna
c:\Users\joaqu\Escritorio\Joaquim_Juha\Universidad y Estudios\Proyectos\Cosas_Variadas\datos_finales\train_wav\audio_235_clean.wav,pe-e-bárë-to-kopia
c:\Users\joaqu\Escritorio\Joaquim_Juha\Universidad y Estudios\Proyectos\Cosas_Variadas\datos_finales\train_wav\audio_235_aug_0.wav,pe-e-bárë-to-kopia
c:\Users\joaqu\Escritorio\Joaquim_Juha\Universidad y Estudios\Proyectos\Cosas_Variadas\datos_finales\train_wav\audio_235_aug_1.wav,pe-e-bárë-to-kopia
c:\Users\joaqu\Escritorio\Joaquim_Juha\Universidad y Estudios\Proyectos\Cosas_Variadas\datos_finales\train_wav\audio_208_clean.wav,ta-kóbe
c:\Users\joaqu\Escritorio\Joaquim_Juha\Universidad y Estudios\Proyectos\Cosas_Variadas\datos_finales\train_wav\audio_208_aug_0.wav,ta-kóbe
c:\Users\joaqu\Escritorio\Joaquim_Juha\Universidad y Estudios\Proyectos\Cosas_Variadas\datos_finales\train_wav\audio_208_aug_1.wav,ta-kóbe
c:\Users\joaqu\Escritorio\Joaquim_Juha\Universidad y Estudios\Proyectos\Cosas_Variadas\datos_finales\train_wav\audio_279_clean.wav,yapé-tane
c:\Users\joaqu\Escritorio\Joaquim_Juha\Universidad y Estudios\Proyectos\Cosas_Variadas\datos_finales\train_wav\audio_279_aug_0.wav,yapé-tane
c:\Users\joaqu\Escritorio\Joaquim_Juha\Universidad y Estudios\Proyectos\Cosas_Variadas\datos_finales\train_wav\audio_279_aug_1.wav,yapé-tane
c:\Users\joaqu\Escritorio\Joaquim_Juha\Universidad y Estudios\Proyectos\Cosas_Variadas\datos_finales\train_wav\audio_115_clean.wav,habétsa
c:\Users\joaqu\Escritorio\Joaquim_Juha\Universidad y Estudios\Proyectos\Cosas_Variadas\datos_finales\train_wav\audio_115_aug_0.wav,habétsa
c:\Users\joaqu\Escritorio\Joaquim_Juha\Universidad y Estudios\Proyectos\Cosas_Variadas\datos_finales\train_wav\audio_115_aug_1.wav,habétsa
c:\Users\joaqu\Escritorio\Joaquim_Juha\Universidad y Estudios\Proyectos\Cosas_Variadas\datos_finales\train_wav\audio_57_clean.wav,ipu mána
c:\Users\joaqu\Escritorio\Joaquim_Juha\Universidad y Estudios\Proyectos\Cosas_Variadas\datos_finales\train_wav\audio_57_aug_0.wav,ipu mána
c:\Users\joaqu\Escritorio\Joaquim_Juha\Universidad y Estudios\Proyectos\Cosas_Variadas\datos_finales\train_wav\audio_57_aug_1.wav,ipu mána
c:\Users\joaqu\Escritorio\Joaquim_Juha\Universidad y Estudios\Proyectos\Cosas_Variadas\datos_finales\train_wav\audio_2_clean.wav,pe-kuáirbo
c:\Users\joaqu\Escritorio\Joaquim_Juha\Universidad y Estudios\Proyectos\Cosas_Variadas\datos_finales\train_wav\audio_2_aug_0.wav,pe-kuáirbo
c:\Users\joaqu\Escritorio\Joaquim_Juha\Universidad y Estudios\Proyectos\Cosas_Variadas\datos_finales\train_wav\audio_2_aug_1.wav,pe-kuáirbo
c:\Users\joaqu\Escritorio\Joaquim_Juha\Universidad y Estudios\Proyectos\Cosas_Variadas\datos_finales\train_wav\audio_51_clean.wav,púka
c:\Users\joaqu\Escritorio\Joaquim_Juha\Universidad y Estudios\Proyectos\Cosas_Variadas\datos_finales\train_wav\audio_51_aug_0.wav,púka
c:\Users\joaqu\Escritorio\Joaquim_Juha\Universidad y Estudios\Proyectos\Cosas_Variadas\datos_finales\train_wav\audio_51_aug_1.wav,púka
c:\Users\joaqu\Escritorio\Joaquim_Juha\Universidad y Estudios\Proyectos\Cosas_Variadas\datos_finales\train_wav\audio_86_clean.wav,takána-to
c:\Users\joaqu\Escritorio\Joaquim_Juha\Universidad y Estudios\Proyectos\Cosas_Variadas\datos_finales\train_wav\audio_86_aug_0.wav,takána-to
c:\Users\joaqu\Escritorio\Joaquim_Juha\Universidad y Estudios\Proyectos\Cosas_Variadas\datos_finales\train_wav\audio_86_aug_1.wav,takána-to
c:\Users\joaqu\Escritorio\Joaquim_Juha\Universidad y Estudios\Proyectos\Cosas_Variadas\datos_finales\train_wav\audio_223_clean.wav,a-táhu
c:\Users\joaqu\Escritorio\Joaquim_Juha\Universidad y Estudios\Proyectos\Cosas_Variadas\datos_finales\train_wav\audio_223_aug_0.wav,a-táhu
c:\Users\joaqu\Escritorio\Joaquim_Juha\Universidad y Estudios\Proyectos\Cosas_Variadas\datos_finales\train_wav\audio_223_aug_1.wav,a-táhu
c:\Users\joaqu\Escritorio\Joaquim_Juha\Universidad y Estudios\Proyectos\Cosas_Variadas\datos_finales\train_wav\audio_36_clean.wav,pe-bová-to
c:\Users\joaqu\Escritorio\Joaquim_Juha\Universidad y Estudios\Proyectos\Cosas_Variadas\datos_finales\train_wav\audio_36_aug_0.wav,pe-bová-to
c:\Users\joaqu\Escritorio\Joaquim_Juha\Universidad y Estudios\Proyectos\Cosas_Variadas\datos_finales\train_wav\audio_36_aug_1.wav,pe-bová-to
c:\Users\joaqu\Escritorio\Joaquim_Juha\Universidad y Estudios\Proyectos\Cosas_Variadas\datos_finales\train_wav\audio_283_clean.wav,huá
c:\Users\joaqu\Escritorio\Joaquim_Juha\Universidad y Estudios\Proyectos\Cosas_Variadas\datos_finales\train_wav\audio_283_aug_0.wav,huá
c:\Users\joaqu\Escritorio\Joaquim_Juha\Universidad y Estudios\Proyectos\Cosas_Variadas\datos_finales\train_wav\audio_283_aug_1.wav,huá
c:\Users\joaqu\Escritorio\Joaquim_Juha\Universidad y Estudios\Proyectos\Cosas_Variadas\datos_finales\train_wav\audio_98_clean.wav,nevéthë
c:\Users\joaqu\Escritorio\Joaquim_Juha\Universidad y Estudios\Proyectos\Cosas_Variadas\datos_finales\train_wav\audio_98_aug_0.wav,nevéthë
c:\Users\joaqu\Escritorio\Joaquim_Juha\Universidad y Estudios\Proyectos\Cosas_Variadas\datos_finales\train_wav\audio_98_aug_1.wav,nevéthë
c:\Users\joaqu\Escritorio\Joaquim_Juha\Universidad y Estudios\Proyectos\Cosas_Variadas\datos_finales\train_wav\audio_56_clean.wav,isó-to
c:\Users\joaqu\Escritorio\Joaquim_Juha\Universidad y Estudios\Proyectos\Cosas_Variadas\datos_finales\train_wav\audio_56_aug_0.wav,isó-to
c:\Users\joaqu\Escritorio\Joaquim_Juha\Universidad y Estudios\Proyectos\Cosas_Variadas\datos_finales\train_wav\audio_56_aug_1.wav,isó-to
c:\Users\joaqu\Escritorio\Joaquim_Juha\Universidad y Estudios\Proyectos\Cosas_Variadas\datos_finales\train_wav\audio_284_clean.wav,púna
c:\Users\joaqu\Escritorio\Joaquim_Juha\Universidad y Estudios\Proyectos\Cosas_Variadas\datos_finales\train_wav\audio_284_aug_0.wav,púna
c:\Users\joaqu\Escritorio\Joaquim_Juha\Universidad y Estudios\Proyectos\Cosas_Variadas\datos_finales\train_wav\audio_284_aug_1.wav,púna
c:\Users\joaqu\Escritorio\Joaquim_Juha\Universidad y Estudios\Proyectos\Cosas_Variadas\datos_finales\train_wav\audio_261_clean.wav,daxí-ta
c:\Users\joaqu\Escritorio\Joaquim_Juha\Universidad y Estudios\Proyectos\Cosas_Variadas\datos_finales\train_wav\audio_261_aug_0.wav,daxí-ta
c:\Users\joaqu\Escritorio\Joaquim_Juha\Universidad y Estudios\Proyectos\Cosas_Variadas\datos_finales\train_wav\audio_261_aug_1.wav,daxí-ta
c:\Users\joaqu\Escritorio\Joaquim_Juha\Universidad y Estudios\Proyectos\Cosas_Variadas\datos_finales\train_wav\audio_14_clean.wav,pe-mí-pa
c:\Users\joaqu\Escritorio\Joaquim_Juha\Universidad y Estudios\Proyectos\Cosas_Variadas\datos_finales\train_wav\audio_14_aug_0.wav,pe-mí-pa
c:\Users\joaqu\Escritorio\Joaquim_Juha\Universidad y Estudios\Proyectos\Cosas_Variadas\datos_finales\train_wav\audio_14_aug_1.wav,pe-mí-pa
c:\Users\joaqu\Escritorio\Joaquim_Juha\Universidad y Estudios\Proyectos\Cosas_Variadas\datos_finales\train_wav\audio_95_clean.wav,xuáta-bo
c:\Users\joaqu\Escritorio\Joaquim_Juha\Universidad y Estudios\Proyectos\Cosas_Variadas\datos_finales\train_wav\audio_95_aug_0.wav,xuáta-bo
c:\Users\joaqu\Escritorio\Joaquim_Juha\Universidad y Estudios\Proyectos\Cosas_Variadas\datos_finales\train_wav\audio_95_aug_1.wav,xuáta-bo
c:\Users\joaqu\Escritorio\Joaquim_Juha\Universidad y Estudios\Proyectos\Cosas_Variadas\datos_finales\train_wav\audio_294_clean.wav,pe-tsopía-hava
c:\Users\joaqu\Escritorio\Joaquim_Juha\Universidad y Estudios\Proyectos\Cosas_Variadas\datos_finales\train_wav\audio_294_aug_0.wav,pe-tsopía-hava
c:\Users\joaqu\Escritorio\Joaquim_Juha\Universidad y Estudios\Proyectos\Cosas_Variadas\datos_finales\train_wav\audio_294_aug_1.wav,pe-tsopía-hava
c:\Users\joaqu\Escritorio\Joaquim_Juha\Universidad y Estudios\Proyectos\Cosas_Variadas\datos_finales\train_wav\audio_178_clean.wav,músuli-bo-to
c:\Users\joaqu\Escritorio\Joaquim_Juha\Universidad y Estudios\Proyectos\Cosas_Variadas\datos_finales\train_wav\audio_178_aug_0.wav,músuli-bo-to
c:\Users\joaqu\Escritorio\Joaquim_Juha\Universidad y Estudios\Proyectos\Cosas_Variadas\datos_finales\train_wav\audio_178_aug_1.wav,músuli-bo-to
c:\Users\joaqu\Escritorio\Joaquim_Juha\Universidad y Estudios\Proyectos\Cosas_Variadas\datos_finales\train_wav\audio_369_clean.wav,bé-reka
c:\Users\joaqu\Escritorio\Joaquim_Juha\Universidad y Estudios\Proyectos\Cosas_Variadas\datos_finales\train_wav\audio_369_aug_0.wav,bé-reka
c:\Users\joaqu\Escritorio\Joaquim_Juha\Universidad y Estudios\Proyectos\Cosas_Variadas\datos_finales\train_wav\audio_369_aug_1.wav,bé-reka
c:\Users\joaqu\Escritorio\Joaquim_Juha\Universidad y Estudios\Proyectos\Cosas_Variadas\datos_finales\train_wav\audio_145_clean.wav,ofó-to
c:\Users\joaqu\Escritorio\Joaquim_Juha\Universidad y Estudios\Proyectos\Cosas_Variadas\datos_finales\train_wav\audio_145_aug_0.wav,ofó-to
c:\Users\joaqu\Escritorio\Joaquim_Juha\Universidad y Estudios\Proyectos\Cosas_Variadas\datos_finales\train_wav\audio_145_aug_1.wav,ofó-to
c:\Users\joaqu\Escritorio\Joaquim_Juha\Universidad y Estudios\Proyectos\Cosas_Variadas\datos_finales\train_wav\audio_332_clean.wav,táhë
c:\Users\joaqu\Escritorio\Joaquim_Juha\Universidad y Estudios\Proyectos\Cosas_Variadas\datos_finales\train_wav\audio_332_aug_0.wav,táhë
c:\Users\joaqu\Escritorio\Joaquim_Juha\Universidad y Estudios\Proyectos\Cosas_Variadas\datos_finales\train_wav\audio_332_aug_1.wav,táhë
c:\Users\joaqu\Escritorio\Joaquim_Juha\Universidad y Estudios\Proyectos\Cosas_Variadas\datos_finales\train_wav\audio_361_clean.wav,na-xéana
c:\Users\joaqu\Escritorio\Joaquim_Juha\Universidad y Estudios\Proyectos\Cosas_Variadas\datos_finales\train_wav\audio_361_aug_0.wav,na-xéana
c:\Users\joaqu\Escritorio\Joaquim_Juha\Universidad y Estudios\Proyectos\Cosas_Variadas\datos_finales\train_wav\audio_361_aug_1.wav,na-xéana
c:\Users\joaqu\Escritorio\Joaquim_Juha\Universidad y Estudios\Proyectos\Cosas_Variadas\datos_finales\train_wav\audio_263_clean.wav,α-ρία
c:\Users\joaqu\Escritorio\Joaquim_Juha\Universidad y Estudios\Proyectos\Cosas_Variadas\datos_finales\train_wav\audio_263_aug_0.wav,α-ρία
c:\Users\joaqu\Escritorio\Joaquim_Juha\Universidad y Estudios\Proyectos\Cosas_Variadas\datos_finales\train_wav\audio_263_aug_1.wav,α-ρία
c:\Users\joaqu\Escritorio\Joaquim_Juha\Universidad y Estudios\Proyectos\Cosas_Variadas\datos_finales\train_wav\audio_58_clean.wav,iré-to
c:\Users\joaqu\Escritorio\Joaquim_Juha\Universidad y Estudios\Proyectos\Cosas_Variadas\datos_finales\train_wav\audio_58_aug_0.wav,iré-to
c:\Users\joaqu\Escritorio\Joaquim_Juha\Universidad y Estudios\Proyectos\Cosas_Variadas\datos_finales\train_wav\audio_58_aug_1.wav,iré-to
c:\Users\joaqu\Escritorio\Joaquim_Juha\Universidad y Estudios\Proyectos\Cosas_Variadas\datos_finales\train_wav\audio_52_clean.wav,fóto
c:\Users\joaqu\Escritorio\Joaquim_Juha\Universidad y Estudios\Proyectos\Cosas_Variadas\datos_finales\train_wav\audio_52_aug_0.wav,fóto
c:\Users\joaqu\Escritorio\Joaquim_Juha\Universidad y Estudios\Proyectos\Cosas_Variadas\datos_finales\train_wav\audio_52_aug_1.wav,fóto
c:\Users\joaqu\Escritorio\Joaquim_Juha\Universidad y Estudios\Proyectos\Cosas_Variadas\datos_finales\train_wav\audio_186_clean.wav,vaha-kobe
c:\Users\joaqu\Escritorio\Joaquim_Juha\Universidad y Estudios\Proyectos\Cosas_Variadas\datos_finales\train_wav\audio_186_aug_0.wav,vaha-kobe
c:\Users\joaqu\Escritorio\Joaquim_Juha\Universidad y Estudios\Proyectos\Cosas_Variadas\datos_finales\train_wav\audio_186_aug_1.wav,vaha-kobe
c:\Users\joaqu\Escritorio\Joaquim_Juha\Universidad y Estudios\Proyectos\Cosas_Variadas\datos_finales\train_wav\audio_207_clean.wav,po-mónae
c:\Users\joaqu\Escritorio\Joaquim_Juha\Universidad y Estudios\Proyectos\Cosas_Variadas\datos_finales\train_wav\audio_207_aug_0.wav,po-mónae
c:\Users\joaqu\Escritorio\Joaquim_Juha\Universidad y Estudios\Proyectos\Cosas_Variadas\datos_finales\train_wav\audio_207_aug_1.wav,po-mónae
c:\Users\joaqu\Escritorio\Joaquim_Juha\Universidad y Estudios\Proyectos\Cosas_Variadas\datos_finales\train_wav\audio_373_clean.wav,a-ita-va
c:\Users\joaqu\Escritorio\Joaquim_Juha\Universidad y Estudios\Proyectos\Cosas_Variadas\datos_finales\train_wav\audio_373_aug_0.wav,a-ita-va
c:\Users\joaqu\Escritorio\Joaquim_Juha\Universidad y Estudios\Proyectos\Cosas_Variadas\datos_finales\train_wav\audio_373_aug_1.wav,a-ita-va
c:\Users\joaqu\Escritorio\Joaquim_Juha\Universidad y Estudios\Proyectos\Cosas_Variadas\datos_finales\train_wav\audio_205_clean.wav,waxá-i-tsi
c:\Users\joaqu\Escritorio\Joaquim_Juha\Universidad y Estudios\Proyectos\Cosas_Variadas\datos_finales\train_wav\audio_205_aug_0.wav,waxá-i-tsi
c:\Users\joaqu\Escritorio\Joaquim_Juha\Universidad y Estudios\Proyectos\Cosas_Variadas\datos_finales\train_wav\audio_205_aug_1.wav,waxá-i-tsi
c:\Users\joaqu\Escritorio\Joaquim_Juha\Universidad y Estudios\Proyectos\Cosas_Variadas\datos_finales\train_wav\audio_181_clean.wav,káe-hava
c:\Users\joaqu\Escritorio\Joaquim_Juha\Universidad y Estudios\Proyectos\Cosas_Variadas\datos_finales\train_wav\audio_181_aug_0.wav,káe-hava
c:\Users\joaqu\Escritorio\Joaquim_Juha\Universidad y Estudios\Proyectos\Cosas_Variadas\datos_finales\train_wav\audio_181_aug_1.wav,káe-hava
c:\Users\joaqu\Escritorio\Joaquim_Juha\Universidad y Estudios\Proyectos\Cosas_Variadas\datos_finales\train_wav\audio_62_clean.wav,éma
c:\Users\joaqu\Escritorio\Joaquim_Juha\Universidad y Estudios\Proyectos\Cosas_Variadas\datos_finales\train_wav\audio_62_aug_0.wav,éma
c:\Users\joaqu\Escritorio\Joaquim_Juha\Universidad y Estudios\Proyectos\Cosas_Variadas\datos_finales\train_wav\audio_62_aug_1.wav,éma
c:\Users\joaqu\Escritorio\Joaquim_Juha\Universidad y Estudios\Proyectos\Cosas_Variadas\datos_finales\train_wav\audio_50_clean.wav,pe-tu-nái-to
c:\Users\joaqu\Escritorio\Joaquim_Juha\Universidad y Estudios\Proyectos\Cosas_Variadas\datos_finales\train_wav\audio_50_aug_0.wav,pe-tu-nái-to
c:\Users\joaqu\Escritorio\Joaquim_Juha\Universidad y Estudios\Proyectos\Cosas_Variadas\datos_finales\train_wav\audio_50_aug_1.wav,pe-tu-nái-to
c:\Users\joaqu\Escritorio\Joaquim_Juha\Universidad y Estudios\Proyectos\Cosas_Variadas\datos_finales\train_wav\audio_253_clean.wav,ná muto
c:\Users\joaqu\Escritorio\Joaquim_Juha\Universidad y Estudios\Proyectos\Cosas_Variadas\datos_finales\train_wav\audio_253_aug_0.wav,ná muto
c:\Users\joaqu\Escritorio\Joaquim_Juha\Universidad y Estudios\Proyectos\Cosas_Variadas\datos_finales\train_wav\audio_253_aug_1.wav,ná muto
c:\Users\joaqu\Escritorio\Joaquim_Juha\Universidad y Estudios\Proyectos\Cosas_Variadas\datos_finales\train_wav\audio_272_clean.wav,pe-kóto-to
c:\Users\joaqu\Escritorio\Joaquim_Juha\Universidad y Estudios\Proyectos\Cosas_Variadas\datos_finales\train_wav\audio_272_aug_0.wav,pe-kóto-to
c:\Users\joaqu\Escritorio\Joaquim_Juha\Universidad y Estudios\Proyectos\Cosas_Variadas\datos_finales\train_wav\audio_272_aug_1.wav,pe-kóto-to
c:\Users\joaqu\Escritorio\Joaquim_Juha\Universidad y Estudios\Proyectos\Cosas_Variadas\datos_finales\train_wav\audio_22_clean.wav,pe-kóbe
c:\Users\joaqu\Escritorio\Joaquim_Juha\Universidad y Estudios\Proyectos\Cosas_Variadas\datos_finales\train_wav\audio_22_aug_0.wav,pe-kóbe
c:\Users\joaqu\Escritorio\Joaquim_Juha\Universidad y Estudios\Proyectos\Cosas_Variadas\datos_finales\train_wav\audio_22_aug_1.wav,pe-kóbe
c:\Users\joaqu\Escritorio\Joaquim_Juha\Universidad y Estudios\Proyectos\Cosas_Variadas\datos_finales\train_wav\audio_339_clean.wav,xíu-hai
c:\Users\joaqu\Escritorio\Joaquim_Juha\Universidad y Estudios\Proyectos\Cosas_Variadas\datos_finales\train_wav\audio_339_aug_0.wav,xíu-hai
c:\Users\joaqu\Escritorio\Joaquim_Juha\Universidad y Estudios\Proyectos\Cosas_Variadas\datos_finales\train_wav\audio_339_aug_1.wav,xíu-hai
c:\Users\joaqu\Escritorio\Joaquim_Juha\Universidad y Estudios\Proyectos\Cosas_Variadas\datos_finales\train_wav\audio_171_clean.wav,nónohi
c:\Users\joaqu\Escritorio\Joaquim_Juha\Universidad y Estudios\Proyectos\Cosas_Variadas\datos_finales\train_wav\audio_171_aug_0.wav,nónohi
c:\Users\joaqu\Escritorio\Joaquim_Juha\Universidad y Estudios\Proyectos\Cosas_Variadas\datos_finales\train_wav\audio_171_aug_1.wav,nónohi
c:\Users\joaqu\Escritorio\Joaquim_Juha\Universidad y Estudios\Proyectos\Cosas_Variadas\datos_finales\train_wav\audio_297_clean.wav,vë-néka
c:\Users\joaqu\Escritorio\Joaquim_Juha\Universidad y Estudios\Proyectos\Cosas_Variadas\datos_finales\train_wav\audio_297_aug_0.wav,vë-néka
c:\Users\joaqu\Escritorio\Joaquim_Juha\Universidad y Estudios\Proyectos\Cosas_Variadas\datos_finales\train_wav\audio_297_aug_1.wav,vë-néka
c:\Users\joaqu\Escritorio\Joaquim_Juha\Universidad y Estudios\Proyectos\Cosas_Variadas\datos_finales\train_wav\audio_209_clean.wav,ne-kóbe
c:\Users\joaqu\Escritorio\Joaquim_Juha\Universidad y Estudios\Proyectos\Cosas_Variadas\datos_finales\train_wav\audio_209_aug_0.wav,ne-kóbe
c:\Users\joaqu\Escritorio\Joaquim_Juha\Universidad y Estudios\Proyectos\Cosas_Variadas\datos_finales\train_wav\audio_209_aug_1.wav,ne-kóbe
c:\Users\joaqu\Escritorio\Joaquim_Juha\Universidad y Estudios\Proyectos\Cosas_Variadas\datos_finales\train_wav\audio_314_clean.wav,tovína-bo
c:\Users\joaqu\Escritorio\Joaquim_Juha\Universidad y Estudios\Proyectos\Cosas_Variadas\datos_finales\train_wav\audio_314_aug_0.wav,tovína-bo
c:\Users\joaqu\Escritorio\Joaquim_Juha\Universidad y Estudios\Proyectos\Cosas_Variadas\datos_finales\train_wav\audio_314_aug_1.wav,tovína-bo
c:\Users\joaqu\Escritorio\Joaquim_Juha\Universidad y Estudios\Proyectos\Cosas_Variadas\datos_finales\train_wav\audio_277_clean.wav,táne
c:\Users\joaqu\Escritorio\Joaquim_Juha\Universidad y Estudios\Proyectos\Cosas_Variadas\datos_finales\train_wav\audio_277_aug_0.wav,táne
c:\Users\joaqu\Escritorio\Joaquim_Juha\Universidad y Estudios\Proyectos\Cosas_Variadas\datos_finales\train_wav\audio_277_aug_1.wav,táne
c:\Users\joaqu\Escritorio\Joaquim_Juha\Universidad y Estudios\Proyectos\Cosas_Variadas\datos_finales\train_wav\audio_334_clean.wav,a-ita-yáë
c:\Users\joaqu\Escritorio\Joaquim_Juha\Universidad y Estudios\Proyectos\Cosas_Variadas\datos_finales\train_wav\audio_334_aug_0.wav,a-ita-yáë
c:\Users\joaqu\Escritorio\Joaquim_Juha\Universidad y Estudios\Proyectos\Cosas_Variadas\datos_finales\train_wav\audio_334_aug_1.wav,a-ita-yáë
c:\Users\joaqu\Escritorio\Joaquim_Juha\Universidad y Estudios\Proyectos\Cosas_Variadas\datos_finales\train_wav\audio_160_clean.wav,náe-hava
c:\Users\joaqu\Escritorio\Joaquim_Juha\Universidad y Estudios\Proyectos\Cosas_Variadas\datos_finales\train_wav\audio_160_aug_0.wav,náe-hava
c:\Users\joaqu\Escritorio\Joaquim_Juha\Universidad y Estudios\Proyectos\Cosas_Variadas\datos_finales\train_wav\audio_160_aug_1.wav,náe-hava
c:\Users\joaqu\Escritorio\Joaquim_Juha\Universidad y Estudios\Proyectos\Cosas_Variadas\datos_finales\train_wav\audio_141_clean.wav,dáina-to
c:\Users\joaqu\Escritorio\Joaquim_Juha\Universidad y Estudios\Proyectos\Cosas_Variadas\datos_finales\train_wav\audio_141_aug_0.wav,dáina-to
c:\Users\joaqu\Escritorio\Joaquim_Juha\Universidad y Estudios\Proyectos\Cosas_Variadas\datos_finales\train_wav\audio_141_aug_1.wav,dáina-to
c:\Users\joaqu\Escritorio\Joaquim_Juha\Universidad y Estudios\Proyectos\Cosas_Variadas\datos_finales\train_wav\audio_162_clean.wav,hétsa
c:\Users\joaqu\Escritorio\Joaquim_Juha\Universidad y Estudios\Proyectos\Cosas_Variadas\datos_finales\train_wav\audio_162_aug_0.wav,hétsa
c:\Users\joaqu\Escritorio\Joaquim_Juha\Universidad y Estudios\Proyectos\Cosas_Variadas\datos_finales\train_wav\audio_162_aug_1.wav,hétsa
c:\Users\joaqu\Escritorio\Joaquim_Juha\Universidad y Estudios\Proyectos\Cosas_Variadas\datos_finales\train_wav\audio_108_clean.wav,hómo-kobi
c:\Users\joaqu\Escritorio\Joaquim_Juha\Universidad y Estudios\Proyectos\Cosas_Variadas\datos_finales\train_wav\audio_108_aug_0.wav,hómo-kobi
c:\Users\joaqu\Escritorio\Joaquim_Juha\Universidad y Estudios\Proyectos\Cosas_Variadas\datos_finales\train_wav\audio_108_aug_1.wav,hómo-kobi
c:\Users\joaqu\Escritorio\Joaquim_Juha\Universidad y Estudios\Proyectos\Cosas_Variadas\datos_finales\train_wav\audio_94_clean.wav,bitsábi
c:\Users\joaqu\Escritorio\Joaquim_Juha\Universidad y Estudios\Proyectos\Cosas_Variadas\datos_finales\train_wav\audio_94_aug_0.wav,bitsábi
c:\Users\joaqu\Escritorio\Joaquim_Juha\Universidad y Estudios\Proyectos\Cosas_Variadas\datos_finales\train_wav\audio_94_aug_1.wav,bitsábi
c:\Users\joaqu\Escritorio\Joaquim_Juha\Universidad y Estudios\Proyectos\Cosas_Variadas\datos_finales\train_wav\audio_356_clean.wav,thába
c:\Users\joaqu\Escritorio\Joaquim_Juha\Universidad y Estudios\Proyectos\Cosas_Variadas\datos_finales\train_wav\audio_356_aug_0.wav,thába
c:\Users\joaqu\Escritorio\Joaquim_Juha\Universidad y Estudios\Proyectos\Cosas_Variadas\datos_finales\train_wav\audio_356_aug_1.wav,thába
c:\Users\joaqu\Escritorio\Joaquim_Juha\Universidad y Estudios\Proyectos\Cosas_Variadas\datos_finales\train_wav\audio_232_clean.wav,mahí-re
c:\Users\joaqu\Escritorio\Joaquim_Juha\Universidad y Estudios\Proyectos\Cosas_Variadas\datos_finales\train_wav\audio_232_aug_0.wav,mahí-re
c:\Users\joaqu\Escritorio\Joaquim_Juha\Universidad y Estudios\Proyectos\Cosas_Variadas\datos_finales\train_wav\audio_232_aug_1.wav,mahí-re
c:\Users\joaqu\Escritorio\Joaquim_Juha\Universidad y Estudios\Proyectos\Cosas_Variadas\datos_finales\train_wav\audio_132_clean.wav,kini-kíni-to
c:\Users\joaqu\Escritorio\Joaquim_Juha\Universidad y Estudios\Proyectos\Cosas_Variadas\datos_finales\train_wav\audio_132_aug_0.wav,kini-kíni-to
c:\Users\joaqu\Escritorio\Joaquim_Juha\Universidad y Estudios\Proyectos\Cosas_Variadas\datos_finales\train_wav\audio_132_aug_1.wav,kini-kíni-to
c:\Users\joaqu\Escritorio\Joaquim_Juha\Universidad y Estudios\Proyectos\Cosas_Variadas\datos_finales\train_wav\audio_375_clean.wav,vái
c:\Users\joaqu\Escritorio\Joaquim_Juha\Universidad y Estudios\Proyectos\Cosas_Variadas\datos_finales\train_wav\audio_375_aug_0.wav,vái
c:\Users\joaqu\Escritorio\Joaquim_Juha\Universidad y Estudios\Proyectos\Cosas_Variadas\datos_finales\train_wav\audio_375_aug_1.wav,vái
c:\Users\joaqu\Escritorio\Joaquim_Juha\Universidad y Estudios\Proyectos\Cosas_Variadas\datos_finales\train_wav\audio_21_clean.wav,pe-maxë-ta-xú-to
c:\Users\joaqu\Escritorio\Joaquim_Juha\Universidad y Estudios\Proyectos\Cosas_Variadas\datos_finales\train_wav\audio_21_aug_0.wav,pe-maxë-ta-xú-to
c:\Users\joaqu\Escritorio\Joaquim_Juha\Universidad y Estudios\Proyectos\Cosas_Variadas\datos_finales\train_wav\audio_21_aug_1.wav,pe-maxë-ta-xú-to
c:\Users\joaqu\Escritorio\Joaquim_Juha\Universidad y Estudios\Proyectos\Cosas_Variadas\datos_finales\train_wav\audio_206_clean.wav,pa-xá-më
c:\Users\joaqu\Escritorio\Joaquim_Juha\Universidad y Estudios\Proyectos\Cosas_Variadas\datos_finales\train_wav\audio_206_aug_0.wav,pa-xá-më
c:\Users\joaqu\Escritorio\Joaquim_Juha\Universidad y Estudios\Proyectos\Cosas_Variadas\datos_finales\train_wav\audio_206_aug_1.wav,pa-xá-më
c:\Users\joaqu\Escritorio\Joaquim_Juha\Universidad y Estudios\Proyectos\Cosas_Variadas\datos_finales\train_wav\audio_75_clean.wav,bo
c:\Users\joaqu\Escritorio\Joaquim_Juha\Universidad y Estudios\Proyectos\Cosas_Variadas\datos_finales\train_wav\audio_75_aug_0.wav,bo
c:\Users\joaqu\Escritorio\Joaquim_Juha\Universidad y Estudios\Proyectos\Cosas_Variadas\datos_finales\train_wav\audio_75_aug_1.wav,bo
c:\Users\joaqu\Escritorio\Joaquim_Juha\Universidad y Estudios\Proyectos\Cosas_Variadas\datos_finales\train_wav\audio_117_clean.wav,bënë
c:\Users\joaqu\Escritorio\Joaquim_Juha\Universidad y Estudios\Proyectos\Cosas_Variadas\datos_finales\train_wav\audio_117_aug_0.wav,bënë
c:\Users\joaqu\Escritorio\Joaquim_Juha\Universidad y Estudios\Proyectos\Cosas_Variadas\datos_finales\train_wav\audio_117_aug_1.wav,bënë
c:\Users\joaqu\Escritorio\Joaquim_Juha\Universidad y Estudios\Proyectos\Cosas_Variadas\datos_finales\train_wav\audio_291_clean.wav,humáitsi
c:\Users\joaqu\Escritorio\Joaquim_Juha\Universidad y Estudios\Proyectos\Cosas_Variadas\datos_finales\train_wav\audio_291_aug_0.wav,humáitsi
c:\Users\joaqu\Escritorio\Joaquim_Juha\Universidad y Estudios\Proyectos\Cosas_Variadas\datos_finales\train_wav\audio_291_aug_1.wav,humáitsi
c:\Users\joaqu\Escritorio\Joaquim_Juha\Universidad y Estudios\Proyectos\Cosas_Variadas\datos_finales\train_wav\audio_374_clean.wav,pe-máka
c:\Users\joaqu\Escritorio\Joaquim_Juha\Universidad y Estudios\Proyectos\Cosas_Variadas\datos_finales\train_wav\audio_374_aug_0.wav,pe-máka
c:\Users\joaqu\Escritorio\Joaquim_Juha\Universidad y Estudios\Proyectos\Cosas_Variadas\datos_finales\train_wav\audio_374_aug_1.wav,pe-máka
c:\Users\joaqu\Escritorio\Joaquim_Juha\Universidad y Estudios\Proyectos\Cosas_Variadas\datos_finales\train_wav\audio_112_clean.wav,matívi
c:\Users\joaqu\Escritorio\Joaquim_Juha\Universidad y Estudios\Proyectos\Cosas_Variadas\datos_finales\train_wav\audio_112_aug_0.wav,matívi
c:\Users\joaqu\Escritorio\Joaquim_Juha\Universidad y Estudios\Proyectos\Cosas_Variadas\datos_finales\train_wav\audio_112_aug_1.wav,matívi
